id_detalle,id_operacion,id_producto,cantidad_producto
1,1,261,24
2,1,172,18
3,1,169,34
4,1,41,6
5,1,127,40
6,1,244,45
7,1,74,23
8,1,174,10
9,1,80,12
10,1,237,40
11,1,241,22
12,1,105,7
13,1,91,19
14,2,110,47
15,2,172,50
16,2,174,21
17,2,232,44
18,2,241,13
19,2,107,18
20,3,72,4
21,3,264,6
22,3,209,36
23,3,172,49
24,3,9,5
25,3,86,32
26,3,174,46
27,3,127,20
28,3,114,21
29,3,118,36
30,3,104,45
31,3,8,18
32,3,237,27
33,3,171,45
34,3,218,12
35,3,243,4
36,3,28,15
37,4,24,4
38,4,172,10
39,4,65,19
40,4,95,28
41,4,247,42
42,4,33,46
43,4,277,1
44,4,240,50
45,4,103,22
46,4,196,18
47,4,231,49
48,4,270,7
49,4,44,9
50,4,245,32
51,4,174,47
52,4,169,18
53,4,279,45
54,4,214,19
55,4,221,12
56,4,264,36
57,5,253,27
58,5,164,32
59,5,204,1
60,5,63,47
61,5,190,7
62,5,76,23
63,5,62,2
64,5,47,50
65,6,212,50
66,6,166,25
67,6,238,22
68,6,84,43
69,6,250,5
70,6,92,48
71,6,182,49
72,6,164,36
73,6,175,28
74,6,38,33
75,6,76,32
76,6,40,33
77,6,234,14
78,7,164,30
79,7,89,15
80,7,2,2
81,7,121,12
82,7,208,18
83,7,222,37
84,7,187,44
85,7,95,21
86,7,57,37
87,7,260,21
88,8,209,13
89,8,34,41
90,8,164,27
91,8,131,41
92,8,217,29
93,8,216,21
94,8,212,14
95,8,99,15
96,8,198,18
97,8,187,48
98,8,166,19
99,8,248,11
100,9,158,16
101,9,175,34
102,9,112,46
103,9,22,28
104,9,241,6
105,9,185,9
106,9,226,45
107,9,207,19
108,9,3,41
109,10,193,2
110,10,60,37
111,10,192,13
112,10,87,8
113,10,111,1
114,10,100,6
115,10,73,24
116,10,187,3
117,10,81,7
118,10,42,10
119,10,160,48
120,10,158,42
121,10,154,30
122,10,207,32
123,10,224,2
124,10,101,47
125,10,128,1
126,10,252,22
127,10,263,7
128,11,97,16
129,11,137,32
130,11,167,2
131,11,256,4
132,11,76,23
133,11,142,22
134,11,26,34
135,11,109,18
136,11,101,8
137,11,35,23
138,11,148,21
139,11,267,7
140,11,8,29
141,11,220,48
142,11,112,30
143,11,81,49
144,11,122,11
145,12,242,4
146,12,115,8
147,12,272,6
148,12,5,7
149,12,160,13
150,12,177,24
151,12,232,1
152,12,76,50
153,12,112,14
154,12,168,26
155,12,277,5
156,12,35,30
157,12,31,4
158,12,205,32
159,13,35,35
160,13,112,26
161,13,204,1
162,13,177,27
163,13,45,27
164,13,156,10
165,13,266,11
166,13,76,3
167,13,209,24
168,13,263,4
169,13,27,20
170,13,274,40
171,14,112,10
172,14,76,4
173,15,59,23
174,15,72,36
175,15,157,12
176,15,159,35
177,15,7,16
178,15,27,26
179,15,146,37
180,15,166,48
181,15,238,10
182,15,53,17
183,15,56,21
184,15,19,50
185,15,200,2
186,16,269,21
187,16,194,29
188,16,179,33
189,16,105,18
190,16,68,27
191,16,7,46
192,16,25,2
193,16,238,10
194,16,46,27
195,16,203,48
196,16,192,46
197,16,104,1
198,16,138,38
199,16,178,36
200,16,218,48
201,17,65,26
202,17,212,39
203,17,7,11
204,17,22,44
205,17,238,46
206,17,99,19
207,18,269,39
208,18,61,29
209,18,254,16
210,18,102,21
211,18,75,32
212,18,13,39
213,18,36,6
214,19,207,47
215,19,193,38
216,19,269,26
217,19,273,13
218,19,73,49
219,19,233,9
220,19,43,3
221,19,89,15
222,19,264,50
223,19,97,50
224,19,258,40
225,19,13,13
226,19,249,42
227,19,215,22
228,19,75,33
229,19,71,44
230,19,225,14
231,19,139,25
232,19,91,50
233,19,68,26
234,20,253,21
235,20,128,23
236,20,124,30
237,20,214,23
238,20,144,19
239,20,220,23
240,20,108,43
241,20,208,13
242,20,247,6
243,20,257,40
244,20,145,50
245,20,80,16
246,21,128,45
247,21,144,23
248,22,201,2
249,22,257,44
250,22,214,21
251,22,233,47
252,22,128,29
253,22,144,26
254,22,54,19
255,23,99,4
256,23,219,32
257,23,225,42
258,23,130,10
259,23,121,50
260,23,156,27
261,23,2,5
262,23,195,16
263,23,262,24
264,23,246,42
265,23,247,35
266,23,274,45
267,23,170,41
268,23,171,41
269,23,26,2
270,23,136,15
271,23,217,7
272,23,229,38
273,24,161,20
274,24,139,3
275,24,233,14
276,24,17,18
277,24,32,3
278,24,2,6
279,24,14,18
280,24,246,38
281,24,170,31
282,24,61,28
283,24,121,15
284,24,23,44
285,25,171,38
286,25,170,41
287,25,145,7
288,25,2,32
289,25,13,3
290,25,254,25
291,25,4,30
292,25,110,30
293,25,168,24
294,25,190,22
295,25,196,48
296,25,185,9
297,25,42,33
298,25,245,26
299,25,26,50
300,25,43,22
301,25,122,39
302,25,72,50
303,26,2,19
304,26,256,2
305,26,117,32
306,26,179,28
307,26,115,26
308,26,97,12
309,26,170,39
310,26,76,19
311,27,210,12
312,27,56,50
313,27,26,7
314,27,100,11
315,27,201,24
316,27,205,36
317,27,264,40
318,27,272,1
319,27,227,16
320,27,35,46
321,27,5,31
322,27,217,15
323,27,39,28
324,27,247,16
325,27,161,7
326,27,3,3
327,27,145,18
328,28,241,26
329,28,157,38
330,28,156,43
331,28,109,46
332,28,110,33
333,28,39,3
334,28,35,36
335,28,56,10
336,28,81,39
337,28,132,33
338,28,232,35
339,28,40,16
340,28,278,35
341,28,204,21
342,28,231,4
343,28,59,25
344,28,212,11
345,29,56,9
346,29,112,22
347,29,35,48
348,29,277,29
349,30,81,6
350,30,199,39
351,30,252,28
352,30,56,24
353,30,35,50
354,30,276,47
355,30,122,11
356,30,24,17
357,30,236,19
358,30,102,7
359,30,133,3
360,30,40,7
361,31,235,9
362,31,234,38
363,31,258,6
364,31,15,3
365,31,30,41
366,31,216,5
367,31,212,38
368,31,158,8
369,31,31,7
370,31,38,49
371,31,18,46
372,31,73,1
373,31,3,45
374,31,273,21
375,32,7,47
376,32,48,30
377,32,234,33
378,32,195,32
379,32,114,21
380,32,65,45
381,33,272,46
382,33,108,49
383,33,172,16
384,33,163,24
385,33,182,2
386,33,143,13
387,33,121,24
388,33,135,3
389,33,83,40
390,33,196,44
391,33,177,44
392,33,3,38
393,33,165,8
394,33,100,10
395,33,82,21
396,33,173,22
397,33,115,42
398,33,160,42
399,33,234,3
400,33,7,36
401,34,71,37
402,34,231,48
403,34,266,22
404,34,223,44
405,34,234,27
406,34,78,3
407,34,77,2
408,34,229,18
409,34,12,47
410,34,107,43
411,34,237,17
412,34,87,30
413,34,279,24
414,34,177,9
415,34,88,45
416,34,136,10
417,34,185,30
418,34,116,3
419,34,176,41
420,35,46,35
421,35,123,33
422,35,49,37
423,35,230,1
424,35,107,33
425,35,94,15
426,35,183,44
427,35,89,29
428,35,192,32
429,35,12,36
430,35,121,43
431,35,86,27
432,35,138,43
433,35,200,39
434,35,268,3
435,35,67,48
436,35,180,22
437,35,134,46
438,35,244,31
439,35,79,47
440,36,227,28
441,36,89,33
442,36,176,7
443,36,201,10
444,36,18,1
445,37,29,27
446,37,69,41
447,37,58,17
448,37,154,45
449,37,263,25
450,37,13,15
451,37,186,23
452,37,133,20
453,37,137,49
454,37,277,45
455,37,108,49
456,37,210,49
457,37,144,12
458,37,128,44
459,38,186,21
460,38,34,50
461,38,103,23
462,38,137,49
463,38,63,15
464,39,33,36
465,39,17,31
466,39,1,23
467,39,110,5
468,39,192,42
469,39,193,15
470,39,226,22
471,40,241,38
472,40,61,35
473,40,45,23
474,40,225,1
475,40,192,47
476,40,79,17
477,40,266,47
478,40,110,47
479,40,33,17
480,40,62,13
481,41,241,47
482,41,23,17
483,41,264,7
484,41,72,30
485,41,149,27
486,42,23,33
487,42,9,44
488,42,99,47
489,42,244,42
490,42,262,9
491,42,241,5
492,42,234,8
493,42,150,50
494,42,173,32
495,42,180,44
496,42,40,23
497,42,177,24
498,42,147,36
499,42,77,44
500,42,112,1
501,42,22,29
502,42,199,17
503,42,72,47
504,42,67,21
505,42,227,9
506,43,170,3
507,43,65,5
508,43,227,7
509,43,168,43
510,43,241,31
511,43,95,8
512,43,86,45
513,43,53,34
514,43,244,29
515,43,72,20
516,43,255,3
517,43,23,44
518,44,8,27
519,44,105,6
520,44,229,26
521,44,123,47
522,44,54,42
523,44,250,12
524,44,15,8
525,44,47,21
526,44,17,49
527,45,131,15
528,45,54,4
529,45,273,48
530,45,255,2
531,45,251,29
532,45,164,20
533,45,202,9
534,45,183,40
535,45,37,42
536,45,166,36
537,45,229,7
538,45,17,1
539,45,264,5
540,45,120,8
541,45,126,1
542,45,162,26
543,45,203,18
544,45,115,22
545,45,99,34
546,45,101,15
547,46,265,48
548,46,29,24
549,46,230,27
550,46,105,42
551,46,102,16
552,46,257,47
553,46,54,38
554,46,47,14
555,46,220,6
556,46,170,47
557,46,272,5
558,46,277,37
559,46,229,1
560,46,278,5
561,46,74,4
562,46,41,49
563,46,210,50
564,46,139,4
565,46,17,38
566,46,75,24
567,47,193,41
568,47,189,39
569,47,91,31
570,47,80,33
571,47,23,4
572,47,147,36
573,47,198,39
574,48,80,44
575,48,192,36
576,48,147,2
577,48,248,5
578,48,19,34
579,48,53,50
580,48,25,22
581,48,63,50
582,49,116,20
583,49,80,12
584,49,15,29
585,49,240,50
586,49,177,14
587,49,30,22
588,49,31,21
589,49,280,40
590,49,114,12
591,49,241,29
592,49,158,4
593,49,6,34
594,49,88,35
595,49,83,13
596,49,90,45
597,49,70,23
598,49,119,27
599,49,221,50
600,49,246,11
601,50,205,41
602,50,175,49
603,50,170,7
604,50,78,1
605,50,80,35
606,50,82,33
607,51,113,38
608,51,15,13
609,51,164,43
610,52,209,50
611,52,91,22
612,52,105,41
613,52,155,44
614,52,227,14
615,52,158,44
616,52,259,23
617,52,102,1
618,52,279,9
619,52,46,47
620,52,110,5
621,52,262,10
622,52,270,40
623,52,222,14
624,52,204,32
625,52,243,6
626,52,164,6
627,53,100,15
628,53,113,27
629,53,57,13
630,53,243,43
631,53,15,45
632,53,47,44
633,53,70,36
634,53,224,5
635,53,51,25
636,53,2,11
637,53,136,4
638,53,96,39
639,53,133,49
640,53,17,39
641,53,150,14
642,53,277,27
643,53,207,42
644,53,254,4
645,53,245,27
646,53,269,27
647,54,226,39
648,54,100,36
649,54,57,22
650,54,277,39
651,54,268,40
652,54,105,15
653,54,185,37
654,54,273,8
655,54,202,18
656,54,51,12
657,54,230,13
658,54,234,28
659,54,222,4
660,54,116,46
661,54,239,15
662,54,231,43
663,55,57,26
664,55,51,11
665,55,277,24
666,56,177,41
667,56,57,41
668,56,235,42
669,56,277,16
670,56,51,13
671,56,134,23
672,56,261,5
673,56,75,49
674,56,34,46
675,57,139,36
676,57,110,34
677,57,97,34
678,57,189,32
679,57,184,32
680,57,82,29
681,57,240,1
682,57,88,16
683,57,46,23
684,57,12,35
685,57,234,41
686,57,167,47
687,57,204,18
688,57,203,38
689,57,269,7
690,57,212,36
691,57,76,32
692,57,79,27
693,57,160,19
694,57,270,47
695,58,12,17
696,58,71,7
697,58,104,42
698,58,18,45
699,58,167,14
700,58,270,23
701,59,12,9
702,59,270,7
703,59,167,11
704,60,194,32
705,60,217,32
706,60,241,9
707,60,218,4
708,60,100,36
709,60,12,31
710,60,68,8
711,60,270,6
712,60,35,6
713,60,54,38
714,60,89,26
715,60,167,18
716,61,125,1
717,61,118,33
718,61,148,44
719,61,159,47
720,61,21,10
721,61,225,45
722,61,178,45
723,61,252,17
724,61,149,45
725,61,34,33
726,61,194,2
727,61,184,49
728,61,78,4
729,61,56,50
730,61,65,19
731,61,256,22
732,61,75,8
733,61,195,31
734,62,242,8
735,62,272,41
736,62,57,24
737,62,178,21
738,62,216,19
739,62,156,29
740,62,27,13
741,62,128,38
742,62,98,50
743,62,259,19
744,62,167,48
745,62,50,46
746,62,200,13
747,62,210,10
748,62,150,30
749,62,91,46
750,63,276,23
751,63,97,45
752,63,180,16
753,63,98,34
754,63,29,12
755,63,50,10
756,63,178,44
757,63,240,26
758,64,88,35
759,64,16,20
760,64,99,5
761,64,93,1
762,64,105,47
763,64,169,46
764,64,136,29
765,64,249,43
766,64,178,20
767,65,280,29
768,65,17,23
769,65,108,3
770,65,247,31
771,65,140,19
772,65,114,19
773,65,177,32
774,65,134,13
775,65,142,39
776,65,129,43
777,65,157,5
778,65,24,3
779,65,28,37
780,65,146,46
781,66,12,40
782,66,22,43
783,66,116,32
784,66,90,4
785,66,129,48
786,66,114,34
787,66,70,25
788,67,131,46
789,67,129,46
790,67,230,5
791,67,114,18
792,68,29,31
793,68,227,43
794,68,135,25
795,68,14,35
796,68,156,44
797,68,60,35
798,68,71,24
799,68,224,4
800,68,129,17
801,68,153,17
802,68,114,10
803,68,37,35
804,68,228,9
805,69,271,14
806,69,258,30
807,69,198,41
808,69,157,15
809,69,48,38
810,69,41,2
811,70,153,12
812,70,211,28
813,70,274,34
814,70,18,24
815,70,258,23
816,70,41,4
817,70,138,47
818,70,96,13
819,70,159,14
820,70,49,9
821,70,163,48
822,70,167,33
823,70,209,36
824,70,271,18
825,70,134,4
826,70,272,20
827,70,144,18
828,71,92,48
829,71,234,42
830,71,118,19
831,71,216,29
832,71,138,39
833,71,259,14
834,71,46,14
835,71,219,22
836,71,201,19
837,71,258,17
838,71,91,48
839,71,8,15
840,71,101,40
841,71,147,33
842,72,260,33
843,72,154,4
844,72,258,15
845,72,86,36
846,72,138,3
847,72,193,43
848,72,201,46
849,72,91,35
850,72,186,10
851,72,230,24
852,72,175,42
853,72,148,19
854,72,35,21
855,72,89,37
856,72,215,20
857,72,98,3
858,72,22,1
859,72,277,4
860,72,19,44
861,72,27,32
862,73,93,2
863,73,138,20
864,73,215,46
865,73,276,15
866,73,91,6
867,73,146,42
868,73,248,43
869,73,92,22
870,73,189,23
871,73,51,23
872,73,267,38
873,73,222,33
874,73,124,22
875,73,157,4
876,73,212,43
877,73,271,17
878,73,278,11
879,73,258,1
880,74,106,24
881,74,146,36
882,74,258,3
883,74,76,1
884,74,256,14
885,74,38,47
886,74,179,1
887,74,22,10
888,74,138,14
889,74,91,2
890,74,116,35
891,74,280,9
892,74,263,20
893,74,162,20
894,75,202,8
895,75,161,47
896,75,231,39
897,75,209,20
898,75,137,47
899,75,227,41
900,75,79,34
901,75,86,28
902,75,112,34
903,75,104,12
904,75,102,6
905,75,145,12
906,75,103,23
907,75,26,47
908,75,257,48
909,75,14,47
910,75,252,38
911,75,179,22
912,75,131,49
913,75,151,24
914,76,256,10
915,76,254,27
916,76,151,44
917,76,46,19
918,76,218,48
919,76,175,28
920,76,144,39
921,76,194,13
922,76,265,47
923,76,100,49
924,76,235,17
925,77,58,41
926,77,204,31
927,77,93,21
928,77,217,16
929,77,151,19
930,77,136,19
931,78,181,1
932,78,115,39
933,78,157,9
934,78,62,13
935,78,148,17
936,78,215,38
937,78,51,2
938,78,192,16
939,78,151,12
940,79,143,13
941,79,176,3
942,79,233,41
943,79,62,40
944,79,206,48
945,79,91,36
946,79,169,11
947,79,138,40
948,79,147,11
949,79,3,22
950,79,242,6
951,80,88,8
952,80,142,17
953,80,214,34
954,80,266,37
955,80,251,49
956,80,235,35
957,80,36,14
958,80,131,34
959,80,19,28
960,80,261,6
961,80,172,49
962,80,150,38
963,80,3,10
964,80,241,4
965,80,140,10
966,80,252,48
967,80,94,25
968,80,243,16
969,80,143,43
970,80,153,11
971,81,3,50
972,81,174,45
973,81,61,29
974,81,217,21
975,81,66,48
976,81,203,27
977,81,258,38
978,81,199,8
979,81,215,14
980,81,143,28
981,82,229,33
982,82,203,38
983,82,263,14
984,82,269,27
985,82,100,43
986,82,85,30
987,82,101,16
988,82,165,39
989,82,99,24
990,82,143,39
991,82,153,13
992,82,219,31
993,82,160,21
994,82,191,43
995,82,159,42
996,82,129,46
997,82,207,16
998,82,37,20
999,82,3,24
1000,83,208,50
1001,83,115,8
1002,84,247,22
1003,84,21,11
1004,84,237,46
1005,84,163,14
1006,84,115,31
1007,84,166,5
1008,84,14,46
1009,84,58,10
1010,84,208,36
1011,85,21,12
1012,85,208,16
1013,85,174,41
1014,85,259,7
1015,85,226,1
1016,85,49,10
1017,85,39,36
1018,85,207,9
1019,85,268,28
1020,85,238,16
1021,85,112,8
1022,85,185,43
1023,85,267,8
1024,85,115,11
1025,85,246,13
1026,86,8,26
1027,86,137,14
1028,86,18,32
1029,86,83,24
1030,86,280,7
1031,86,208,8
1032,86,84,40
1033,86,103,49
1034,86,271,40
1035,86,165,26
1036,86,26,10
1037,86,218,32
1038,86,56,6
1039,86,270,5
1040,87,23,39
1041,87,261,45
1042,87,45,33
1043,87,247,46
1044,87,18,45
1045,87,174,18
1046,87,215,38
1047,87,225,31
1048,87,177,3
1049,87,140,21
1050,87,180,48
1051,87,241,25
1052,87,218,40
1053,87,72,16
1054,87,223,46
1055,87,208,49
1056,87,146,13
1057,88,208,49
1058,88,205,3
1059,88,280,43
1060,88,127,23
1061,88,238,21
1062,88,259,17
1063,88,59,15
1064,88,218,26
1065,88,185,44
1066,88,88,41
1067,88,135,35
1068,88,112,5
1069,88,15,18
1070,89,194,46
1071,89,59,27
1072,89,106,12
1073,89,147,21
1074,89,51,41
1075,90,252,48
1076,90,51,42
1077,90,209,16
1078,90,204,21
1079,90,92,45
1080,90,257,30
1081,90,147,32
1082,90,230,21
1083,91,163,6
1084,91,12,21
1085,91,183,32
1086,91,24,36
1087,91,73,21
1088,91,51,36
1089,91,191,22
1090,91,9,32
1091,91,143,47
1092,91,225,46
1093,91,147,28
1094,91,194,8
1095,92,211,40
1096,92,264,17
1097,92,246,23
1098,92,255,41
1099,92,147,39
1100,92,78,30
1101,92,230,46
1102,92,25,46
1103,92,117,19
1104,92,277,38
1105,92,206,20
1106,92,51,45
1107,93,243,44
1108,93,43,34
1109,93,144,21
1110,93,150,40
1111,93,31,21
1112,93,82,29
1113,93,195,50
1114,93,9,3
1115,93,5,7
1116,94,85,1
1117,94,254,40
1118,94,96,5
1119,94,260,20
1120,94,14,24
1121,94,205,31
1122,94,40,9
1123,94,195,46
1124,94,174,30
1125,94,45,8
1126,94,129,32
1127,94,128,45
1128,94,43,39
1129,94,233,12
1130,94,5,37
1131,94,54,39
1132,94,134,41
1133,94,84,11
1134,94,21,11
1135,94,98,23
1136,95,118,43
1137,95,270,13
1138,95,67,12
1139,95,125,50
1140,95,17,43
1141,95,94,42
1142,95,128,25
1143,95,216,29
1144,95,143,31
1145,95,69,45
1146,95,242,11
1147,95,212,44
1148,95,83,18
1149,95,27,50
1150,95,15,41
1151,95,253,30
1152,95,65,19
1153,95,80,21
1154,96,2,40
1155,96,175,23
1156,96,122,26
1157,96,135,6
1158,96,125,47
1159,96,254,36
1160,96,253,4
1161,96,188,2
1162,96,183,24
1163,96,41,12
1164,96,54,14
1165,96,79,45
1166,96,37,16
1167,96,152,28
1168,97,123,43
1169,97,258,36
1170,97,271,19
1171,97,199,48
1172,97,231,32
1173,97,85,33
1174,97,100,18
1175,97,82,13
1176,97,18,4
1177,97,117,22
1178,97,25,29
1179,97,112,34
1180,97,149,16
1181,98,117,7
1182,98,120,44
1183,99,94,22
1184,99,29,48
1185,99,225,12
1186,99,92,32
1187,99,99,39
1188,99,263,5
1189,99,200,33
1190,99,82,30
1191,99,117,6
1192,99,279,46
1193,99,89,23
1194,99,223,39
1195,99,151,10
1196,99,88,46
1197,99,111,19
1198,100,53,41
1199,100,254,11
1200,100,10,25
1201,100,280,5
1202,100,3,17
1203,100,274,31
1204,100,34,46
1205,100,78,14
1206,100,234,14
1207,100,277,9
1208,100,266,24
1209,100,17,49
1210,100,135,24
1211,100,240,6
1212,100,154,6
1213,100,21,27
1214,101,274,14
1215,101,254,17
1216,101,240,10
1217,101,112,6
1218,102,254,24
1219,102,211,19
1220,102,124,46
1221,102,274,5
1222,102,121,44
1223,102,18,11
1224,102,240,18
1225,102,188,15
1226,103,151,22
1227,103,245,28
1228,103,50,14
1229,103,46,29
1230,103,80,35
1231,103,274,39
1232,103,66,3
1233,103,48,47
1234,103,240,3
1235,103,95,19
1236,103,254,20
1237,104,150,43
1238,104,11,39
1239,104,167,29
1240,104,163,41
1241,104,81,5
1242,104,246,19
1243,104,66,48
1244,105,167,5
1245,105,265,39
1246,105,232,33
1247,105,241,23
1248,105,11,19
1249,105,118,14
1250,105,180,40
1251,105,153,36
1252,105,279,43
1253,105,222,34
1254,105,155,23
1255,106,269,19
1256,106,202,48
1257,106,103,17
1258,106,58,44
1259,106,48,41
1260,106,172,21
1261,106,115,48
1262,106,177,26
1263,106,230,12
1264,106,142,42
1265,106,258,11
1266,106,279,29
1267,106,255,50
1268,106,14,42
1269,107,79,40
1270,107,279,24
1271,107,255,35
1272,108,263,38
1273,108,74,1
1274,108,215,38
1275,108,193,34
1276,108,130,40
1277,108,90,47
1278,108,259,43
1279,108,53,20
1280,108,54,1
1281,108,191,19
1282,109,212,33
1283,109,86,39
1284,109,95,46
1285,109,77,8
1286,109,100,13
1287,109,84,14
1288,109,32,29
1289,109,146,2
1290,109,4,45
1291,109,191,30
1292,109,179,38
1293,109,159,4
1294,109,54,18
1295,109,196,25
1296,109,226,14
1297,109,188,20
1298,110,46,29
1299,110,107,33
1300,110,212,22
1301,110,278,14
1302,110,109,27
1303,110,103,15
1304,110,218,3
1305,110,199,37
1306,110,96,17
1307,110,82,25
1308,110,86,17
1309,110,268,31
1310,110,88,43
1311,110,214,23
1312,110,83,8
1313,110,263,35
1314,110,180,6
1315,111,222,30
1316,111,103,2
1317,111,214,22
1318,111,86,5
1319,111,209,24
1320,112,7,22
1321,112,272,15
1322,112,116,49
1323,112,215,21
1324,112,198,43
1325,112,86,14
1326,112,25,17
1327,112,103,7
1328,112,266,11
1329,112,223,40
1330,112,214,28
1331,113,263,48
1332,113,100,14
1333,113,85,39
1334,113,181,48
1335,113,206,17
1336,113,86,43
1337,113,213,1
1338,113,95,10
1339,113,103,1
1340,113,174,46
1341,113,45,49
1342,113,148,35
1343,113,180,28
1344,113,230,11
1345,113,161,17
1346,113,65,13
1347,113,163,29
1348,113,262,32
1349,113,214,20
1350,114,32,25
1351,114,56,28
1352,115,137,30
1353,115,166,39
1354,115,238,8
1355,115,32,19
1356,115,74,35
1357,116,202,38
1358,116,32,25
1359,116,41,24
1360,116,71,28
1361,117,82,25
1362,117,32,13
1363,118,220,22
1364,118,184,19
1365,118,104,42
1366,118,236,29
1367,118,4,2
1368,118,212,5
1369,118,140,45
1370,118,129,12
1371,118,278,39
1372,118,222,10
1373,118,10,29
1374,118,126,5
1375,118,35,22
1376,118,29,49
1377,118,260,4
1378,118,165,27
1379,118,83,41
1380,118,209,12
1381,119,72,47
1382,119,194,46
1383,119,156,2
1384,119,260,12
1385,119,114,15
1386,120,253,39
1387,120,260,23
1388,121,260,3
1389,121,1,50
1390,122,179,33
1391,122,242,44
1392,122,46,10
1393,122,138,20
1394,122,96,39
1395,122,127,24
1396,122,146,45
1397,122,51,29
1398,122,107,2
1399,122,37,28
1400,122,151,9
1401,122,211,37
1402,122,78,38
1403,122,57,4
1404,122,6,11
1405,122,230,22
1406,122,259,25
1407,122,229,28
1408,123,251,41
1409,123,179,22
1410,123,145,2
1411,123,80,40
1412,123,153,6
1413,123,149,42
1414,123,250,10
1415,123,233,36
1416,123,184,30
1417,123,181,14
1418,123,86,38
1419,123,64,34
1420,123,258,33
1421,123,43,37
1422,123,188,39
1423,123,174,2
1424,124,175,38
1425,124,190,31
1426,124,38,38
1427,124,5,30
1428,124,108,13
1429,124,276,13
1430,124,183,39
1431,124,179,21
1432,125,258,10
1433,125,102,32
1434,125,59,39
1435,125,179,18
1436,125,268,14
1437,125,245,35
1438,125,85,24
1439,125,84,10
1440,125,181,30
1441,125,11,47
1442,125,25,29
1443,125,132,27
1444,125,151,44
1445,125,14,37
1446,126,201,28
1447,126,108,36
1448,126,89,17
1449,126,17,3
1450,126,182,36
1451,126,48,20
1452,126,217,3
1453,126,266,30
1454,126,102,34
1455,126,275,14
1456,126,153,36
1457,126,244,25
1458,126,190,36
1459,126,19,8
1460,126,178,42
1461,126,258,46
1462,127,119,25
1463,127,208,18
1464,127,153,34
1465,127,132,11
1466,127,258,43
1467,127,27,47
1468,127,121,45
1469,127,89,3
1470,128,258,12
1471,128,153,17
1472,128,134,48
1473,128,115,27
1474,128,89,12
1475,128,248,4
1476,128,10,27
1477,129,258,16
1478,129,161,15
1479,129,4,36
1480,129,153,13
1481,129,125,36
1482,129,197,24
1483,129,186,41
1484,129,117,22
1485,129,89,35
1486,129,138,2
1487,129,229,15
1488,129,171,16
1489,129,150,16
1490,129,34,43
1491,129,123,6
1492,129,278,46
1493,129,222,7
1494,129,112,40
1495,129,53,19
1496,129,141,11
1497,130,63,1
1498,130,177,30
1499,130,260,15
1500,130,196,46
1501,130,68,21
1502,130,176,28
1503,130,203,30
1504,131,177,49
1505,131,102,30
1506,131,24,46
1507,131,252,32
1508,131,147,30
1509,131,37,11
1510,131,52,28
1511,131,63,5
1512,131,260,47
1513,131,20,48
1514,131,82,9
1515,131,171,49
1516,131,273,4
1517,131,181,23
1518,131,277,23
1519,131,145,34
1520,131,56,29
1521,132,73,2
1522,132,177,29
1523,132,280,41
1524,132,181,41
1525,132,260,42
1526,132,63,30
1527,133,245,4
1528,133,201,31
1529,133,253,21
1530,133,123,36
1531,133,44,23
1532,133,277,4
1533,133,36,40
1534,133,163,14
1535,133,193,9
1536,133,115,22
1537,133,91,33
1538,133,66,32
1539,133,118,22
1540,133,68,19
1541,133,45,22
1542,133,54,46
1543,133,1,1
1544,133,140,37
1545,133,18,34
1546,133,208,46
1547,134,16,34
1548,134,121,31
1549,134,262,42
1550,134,49,31
1551,134,242,7
1552,134,28,5
1553,134,85,7
1554,134,266,37
1555,134,263,31
1556,134,157,23
1557,134,126,23
1558,134,217,35
1559,134,188,31
1560,134,163,24
1561,134,32,33
1562,134,141,46
1563,134,277,18
1564,134,63,2
1565,134,51,22
1566,134,272,15
1567,135,47,9
1568,135,211,23
1569,136,46,1
1570,136,47,23
1571,136,136,2
1572,136,79,10
1573,136,171,50
1574,136,115,33
1575,136,163,29
1576,136,211,19
1577,136,124,20
1578,137,180,20
1579,137,17,13
1580,137,112,43
1581,137,46,37
1582,137,211,48
1583,137,271,42
1584,137,63,35
1585,137,26,28
1586,137,232,20
1587,137,162,4
1588,137,241,6
1589,137,47,32
1590,137,255,4
1591,137,150,33
1592,137,88,9
1593,137,14,46
1594,137,78,29
1595,137,242,4
1596,138,211,27
1597,138,46,22
1598,138,47,45
1599,138,22,4
1600,138,71,34
1601,138,206,9
1602,138,126,44
1603,138,225,15
1604,138,169,23
1605,138,236,48
1606,138,74,25
1607,139,45,41
1608,139,84,14
1609,139,50,5
1610,139,225,34
1611,139,9,2
1612,139,27,2
1613,139,105,42
1614,139,68,35
1615,139,204,4
1616,139,276,13
1617,139,130,39
1618,139,217,20
1619,139,55,4
1620,139,49,30
1621,140,102,24
1622,140,161,23
1623,140,36,20
1624,140,214,10
1625,140,45,26
1626,140,35,7
1627,140,200,47
1628,140,134,44
1629,140,93,17
1630,140,142,6
1631,140,144,21
1632,141,143,40
1633,141,34,47
1634,141,61,33
1635,141,159,20
1636,141,278,15
1637,141,155,31
1638,141,168,42
1639,141,157,2
1640,141,3,12
1641,141,69,31
1642,141,151,34
1643,141,229,21
1644,141,88,10
1645,141,147,8
1646,142,10,48
1647,142,184,20
1648,142,25,39
1649,142,155,35
1650,142,140,41
1651,142,202,10
1652,142,74,32
1653,142,147,4
1654,142,34,30
1655,142,113,16
1656,142,237,11
1657,142,175,42
1658,142,191,31
1659,142,97,17
1660,142,263,30
1661,142,134,45
1662,142,261,17
1663,143,179,43
1664,143,17,9
1665,143,206,6
1666,143,149,25
1667,143,147,19
1668,143,37,44
1669,143,85,19
1670,143,113,16
1671,143,48,45
1672,143,72,23
1673,143,5,9
1674,143,184,21
1675,143,171,10
1676,143,118,33
1677,143,34,20
1678,143,172,29
1679,143,234,38
1680,143,205,49
1681,143,8,24
1682,143,276,6
1683,144,159,49
1684,144,62,35
1685,144,58,2
1686,144,157,46
1687,144,222,33
1688,144,102,6
1689,144,176,33
1690,144,174,30
1691,144,147,22
1692,144,34,20
1693,144,175,3
1694,144,179,29
1695,144,260,12
1696,144,187,44
1697,144,172,37
1698,144,1,2
1699,144,8,26
1700,145,112,38
1701,145,117,33
1702,145,108,34
1703,145,171,20
1704,145,93,48
1705,145,144,47
1706,146,184,8
1707,146,144,20
1708,146,112,47
1709,146,171,4
1710,146,29,15
1711,146,248,25
1712,146,82,28
1713,146,162,32
1714,147,6,10
1715,147,96,47
1716,147,24,7
1717,147,264,17
1718,147,197,22
1719,147,179,15
1720,147,151,13
1721,147,105,50
1722,147,99,32
1723,147,153,15
1724,147,269,32
1725,148,105,45
1726,148,96,41
1727,148,214,15
1728,148,124,30
1729,148,197,49
1730,148,154,47
1731,148,237,5
1732,148,153,25
1733,148,163,13
1734,148,179,17
1735,149,129,11
1736,149,66,46
1737,149,76,1
1738,149,65,40
1739,149,29,35
1740,149,57,25
1741,149,245,11
1742,149,260,31
1743,149,27,20
1744,149,8,30
1745,149,61,50
1746,149,116,7
1747,149,168,25
1748,149,206,22
1749,150,270,11
1750,150,174,25
1751,150,51,24
1752,150,35,45
1753,150,155,42
1754,150,121,43
1755,150,213,21
1756,150,49,21
1757,150,242,49
1758,150,67,3
1759,150,132,3
1760,150,53,29
1761,150,235,39
1762,150,27,33
1763,150,176,33
1764,150,57,11
1765,150,184,15
1766,150,25,18
1767,151,27,21
1768,151,80,12
1769,151,141,37
1770,151,194,38
1771,151,198,16
1772,151,57,36
1773,151,210,23
1774,151,164,31
1775,151,256,4
1776,151,270,28
1777,151,146,49
1778,151,73,45
1779,151,157,16
1780,151,220,40
1781,151,235,9
1782,151,143,46
1783,151,148,8
1784,151,158,47
1785,151,40,28
1786,151,134,17
1787,152,19,46
1788,152,226,17
1789,152,27,37
1790,152,16,48
1791,152,263,26
1792,152,57,33
1793,152,135,23
1794,152,252,48
1795,152,119,27
1796,152,152,35
1797,153,117,7
1798,153,280,18
1799,153,8,32
1800,153,141,11
1801,153,157,23
1802,153,175,35
1803,153,244,2
1804,153,210,45
1805,153,64,17
1806,153,242,22
1807,154,207,15
1808,154,164,30
1809,154,52,41
1810,154,263,19
1811,154,72,35
1812,154,168,28
1813,154,244,27
1814,154,43,29
1815,154,146,30
1816,154,249,41
1817,155,252,38
1818,155,253,11
1819,155,93,29
1820,155,28,34
1821,155,163,13
1822,155,52,24
1823,155,244,20
1824,155,22,11
1825,155,228,10
1826,155,114,31
1827,155,12,3
1828,155,99,41
1829,155,191,10
1830,155,102,43
1831,155,277,50
1832,155,79,10
1833,156,69,23
1834,156,208,37
1835,156,187,2
1836,156,107,28
1837,156,242,29
1838,156,205,1
1839,156,230,23
1840,156,21,21
1841,156,210,47
1842,156,164,13
1843,156,82,40
1844,156,165,9
1845,156,161,33
1846,156,252,43
1847,157,205,7
1848,157,82,48
1849,158,205,33
1850,158,44,2
1851,158,82,37
1852,159,245,10
1853,159,188,45
1854,159,225,7
1855,160,245,32
1856,160,170,42
1857,160,18,40
1858,160,225,7
1859,160,154,38
1860,160,117,16
1861,160,215,11
1862,160,188,41
1863,160,82,46
1864,160,238,33
1865,160,44,44
1866,160,255,27
1867,160,278,46
1868,161,47,19
1869,161,245,49
1870,161,225,5
1871,161,33,5
1872,161,124,15
1873,161,133,19
1874,161,89,2
1875,161,147,40
1876,161,170,14
1877,161,248,29
1878,161,188,19
1879,161,79,21
1880,161,65,31
1881,161,62,36
1882,161,193,34
1883,162,175,31
1884,162,263,18
1885,162,78,39
1886,162,130,30
1887,162,178,44
1888,162,102,30
1889,162,177,24
1890,162,153,28
1891,162,192,46
1892,162,87,45
1893,162,247,32
1894,162,94,36
1895,162,171,29
1896,162,267,30
1897,162,273,22
1898,163,8,30
1899,163,158,33
1900,163,94,18
1901,163,247,42
1902,163,78,39
1903,164,94,46
1904,164,147,25
1905,164,78,6
1906,164,189,31
1907,164,226,23
1908,165,7,6
1909,165,219,42
1910,165,249,1
1911,165,208,39
1912,165,151,7
1913,165,49,19
1914,165,65,6
1915,165,276,43
1916,165,74,21
1917,166,186,30
1918,166,249,6
1919,166,234,41
1920,166,246,47
1921,166,22,22
1922,166,65,31
1923,166,232,16
1924,166,225,2
1925,167,249,33
1926,167,184,12
1927,167,246,34
1928,167,203,5
1929,167,92,31
1930,167,84,8
1931,167,77,16
1932,167,111,28
1933,167,236,16
1934,167,212,17
1935,167,3,38
1936,167,156,37
1937,167,163,33
1938,167,115,11
1939,167,17,1
1940,167,65,18
1941,167,86,5
1942,168,155,42
1943,168,209,1
1944,168,15,24
1945,168,191,5
1946,168,67,4
1947,168,181,25
1948,168,249,17
1949,168,65,13
1950,168,186,31
1951,169,150,35
1952,169,80,24
1953,169,19,38
1954,169,269,44
1955,169,235,14
1956,169,180,5
1957,169,77,23
1958,169,97,27
1959,169,85,29
1960,169,268,17
1961,169,68,42
1962,170,245,25
1963,170,240,8
1964,170,91,12
1965,170,80,47
1966,170,117,44
1967,170,167,19
1968,170,16,47
1969,170,216,2
1970,170,100,18
1971,170,208,3
1972,170,72,22
1973,170,55,26
1974,170,236,12
1975,170,150,16
1976,170,215,45
1977,170,31,27
1978,171,255,18
1979,171,90,37
1980,171,67,29
1981,171,208,5
1982,171,276,49
1983,171,179,48
1984,171,248,2
1985,171,101,45
1986,172,90,12
1987,172,235,22
1988,172,264,9
1989,172,116,9
1990,172,83,5
1991,172,179,17
1992,172,251,5
1993,172,101,48
1994,172,176,8
1995,172,267,11
1996,172,12,42
1997,172,34,38
1998,173,101,35
1999,173,179,49
2000,173,90,20
2001,174,96,21
2002,174,221,7
2003,174,56,46
2004,174,210,44
2005,174,11,29
2006,174,90,24
2007,174,178,24
2008,174,103,29
2009,175,10,16
2010,175,210,33
2011,175,188,15
2012,175,229,18
2013,175,11,23
2014,175,157,6
2015,175,50,13
2016,175,203,26
2017,175,91,15
2018,175,55,28
2019,175,90,24
2020,175,65,10
2021,175,199,23
2022,176,165,48
2023,176,209,47
2024,177,169,7
2025,177,52,18
2026,177,11,26
2027,177,165,2
2028,177,227,38
2029,178,51,22
2030,178,94,29
2031,178,3,38
2032,178,165,5
2033,179,155,49
2034,179,148,2
2035,179,261,7
2036,179,153,43
2037,179,39,40
2038,179,225,24
2039,179,199,37
2040,179,170,41
2041,179,64,12
2042,179,105,45
2043,179,82,18
2044,179,185,33
2045,179,98,7
2046,179,215,19
2047,180,23,13
2048,180,39,38
2049,180,42,48
2050,180,98,22
2051,180,171,44
2052,180,199,38
2053,180,5,2
2054,180,99,13
2055,180,137,25
2056,180,59,48
2057,180,82,19
2058,180,66,25
2059,180,215,13
2060,180,256,5
2061,180,185,1
2062,180,133,8
2063,180,249,1
2064,181,212,14
2065,181,12,33
2066,181,2,13
2067,181,108,33
2068,181,55,4
2069,181,133,42
2070,181,238,37
2071,181,216,39
2072,181,258,15
2073,181,235,15
2074,182,105,37
2075,182,41,14
2076,182,42,25
2077,182,181,34
2078,182,66,13
2079,182,56,6
2080,182,131,50
2081,182,53,34
2082,182,124,43
2083,182,30,2
2084,182,235,43
2085,182,227,42
2086,182,216,17
2087,182,133,27
2088,183,194,40
2089,183,235,26
2090,183,246,7
2091,183,133,18
2092,183,248,35
2093,183,216,2
2094,184,235,35
2095,184,216,24
2096,185,64,7
2097,185,256,19
2098,185,199,46
2099,185,263,28
2100,185,76,17
2101,185,197,50
2102,185,89,10
2103,186,183,49
2104,186,64,48
2105,186,123,15
2106,186,256,34
2107,186,144,24
2108,186,274,29
2109,186,263,33
2110,187,77,7
2111,187,277,29
2112,187,33,26
2113,187,99,22
2114,187,44,19
2115,187,223,1
2116,187,46,29
2117,187,129,44
2118,187,149,49
2119,187,110,34
2120,187,92,1
2121,187,59,23
2122,187,269,45
2123,187,116,14
2124,187,155,50
2125,187,170,6
2126,187,19,47
2127,187,263,1
2128,187,64,11
2129,187,256,25
2130,188,20,38
2131,188,204,11
2132,188,91,31
2133,189,208,6
2134,189,202,29
2135,189,35,20
2136,189,55,8
2137,189,204,22
2138,189,112,24
2139,189,206,46
2140,189,48,43
2141,189,91,40
2142,189,274,48
2143,189,7,12
2144,189,20,44
2145,189,127,12
2146,190,194,48
2147,190,20,27
2148,190,204,35
2149,190,198,27
2150,190,91,42
2151,190,125,40
2152,190,270,22
2153,190,78,43
2154,190,231,31
2155,190,111,38
2156,190,261,23
2157,190,156,30
2158,190,251,11
2159,190,220,39
2160,190,185,7
2161,190,180,34
2162,190,61,42
2163,190,149,29
2164,190,155,39
2165,191,111,2
2166,191,20,5
2167,191,104,24
2168,191,233,39
2169,191,91,23
2170,191,8,26
2171,191,35,4
2172,191,196,17
2173,191,115,40
2174,191,204,13
2175,191,21,13
2176,191,2,27
2177,191,119,47
2178,191,224,23
2179,191,192,25
2180,191,17,39
2181,192,259,32
2182,192,171,27
2183,192,24,35
2184,192,166,38
2185,192,99,44
2186,192,159,19
2187,192,234,26
2188,192,110,44
2189,192,279,37
2190,192,144,50
2191,192,238,25
2192,192,264,26
2193,192,193,40
2194,192,121,34
2195,192,161,48
2196,192,41,50
2197,192,251,20
2198,192,4,22
2199,192,165,40
2200,193,171,17
2201,193,87,26
2202,193,112,41
2203,194,229,48
2204,194,50,36
2205,194,95,9
2206,194,174,17
2207,194,3,49
2208,194,165,38
2209,194,83,6
2210,194,248,22
2211,194,104,15
2212,194,28,42
2213,194,47,46
2214,194,53,11
2215,194,9,2
2216,194,156,45
2217,194,236,2
2218,194,32,24
2219,195,37,48
2220,195,259,39
2221,195,104,36
2222,195,175,16
2223,195,114,7
2224,195,156,34
2225,195,73,15
2226,195,58,44
2227,195,230,1
2228,195,57,39
2229,195,203,19
2230,196,236,15
2231,196,148,16
2232,196,104,25
2233,196,156,29
2234,197,136,16
2235,197,119,13
2236,197,25,45
2237,197,255,42
2238,197,9,47
2239,197,80,16
2240,197,142,5
2241,197,100,17
2242,197,102,41
2243,198,93,14
2244,198,204,22
2245,198,262,36
2246,198,142,36
2247,198,186,21
2248,198,4,41
2249,198,3,36
2250,198,153,49
2251,198,155,40
2252,198,88,42
2253,198,41,13
2254,198,249,38
2255,198,47,16
2256,199,244,31
2257,199,163,22
2258,199,142,24
2259,200,93,46
2260,200,85,16
2261,200,31,26
2262,200,72,16
2263,200,142,41
2264,200,96,43
2265,200,230,26
2266,200,223,18
2267,200,195,27
2268,201,132,40
2269,201,152,40
2270,201,140,26
2271,202,209,30
2272,202,87,5
2273,202,63,50
2274,202,152,1
2275,202,230,13
2276,202,112,38
2277,202,266,3
2278,202,73,44
2279,202,190,12
2280,202,231,35
2281,202,106,15
2282,202,262,48
2283,202,140,48
2284,202,132,3
2285,202,199,44
2286,203,20,24
2287,203,150,31
2288,203,56,35
2289,203,261,14
2290,203,157,44
2291,203,136,48
2292,203,32,10
2293,203,225,34
2294,203,27,2
2295,203,278,12
2296,203,147,15
2297,204,167,37
2298,204,56,42
2299,204,147,25
2300,204,277,25
2301,204,279,26
2302,204,225,8
2303,204,108,10
2304,204,197,10
2305,204,75,37
2306,204,211,14
2307,204,239,35
2308,204,196,41
2309,204,141,11
2310,204,55,34
2311,204,126,35
2312,204,205,16
2313,205,217,21
2314,205,155,16
2315,205,125,19
2316,205,150,49
2317,205,225,22
2318,205,56,40
2319,205,101,16
2320,206,65,22
2321,206,93,48
2322,206,107,6
2323,206,154,1
2324,206,225,14
2325,206,104,28
2326,206,23,27
2327,206,120,12
2328,206,164,41
2329,206,267,12
2330,206,150,34
2331,206,253,35
2332,206,75,44
2333,206,181,31
2334,206,121,17
2335,207,120,21
2336,207,93,12
2337,207,60,28
2338,208,152,10
2339,208,79,18
2340,208,40,36
2341,208,163,26
2342,208,183,6
2343,208,105,1
2344,208,30,46
2345,208,71,40
2346,208,41,32
2347,208,205,6
2348,208,136,3
2349,208,209,16
2350,208,70,15
2351,208,249,37
2352,208,212,12
2353,208,37,20
2354,208,81,25
2355,209,249,45
2356,209,183,13
2357,209,120,7
2358,209,214,2
2359,209,105,17
2360,210,188,42
2361,210,229,30
2362,210,249,16
2363,210,46,31
2364,210,234,15
2365,210,187,8
2366,210,105,29
2367,210,12,13
2368,210,232,48
2369,210,91,26
2370,210,118,18
2371,210,58,30
2372,210,254,48
2373,210,52,3
2374,210,38,19
2375,210,172,20
2376,210,265,6
2377,210,106,11
2378,211,27,25
2379,211,102,37
2380,211,145,20
2381,211,134,27
2382,211,105,39
2383,211,92,42
2384,211,18,47
2385,211,159,5
2386,212,211,28
2387,212,197,29
2388,212,159,41
2389,212,216,20
2390,212,83,12
2391,212,225,11
2392,212,63,6
2393,212,92,26
2394,212,60,12
2395,212,246,38
2396,212,70,15
2397,212,106,21
2398,212,212,49
2399,212,65,45
2400,213,241,24
2401,213,15,23
2402,213,80,8
2403,213,132,25
2404,213,92,49
2405,213,159,14
2406,213,71,34
2407,214,243,17
2408,214,48,47
2409,214,143,46
2410,214,32,17
2411,214,53,31
2412,214,197,21
2413,214,56,1
2414,214,224,37
2415,214,79,31
2416,214,90,37
2417,214,59,39
2418,214,159,15
2419,214,125,19
2420,214,158,21
2421,214,134,46
2422,214,157,18
2423,214,75,47
2424,214,154,24
2425,214,133,28
2426,215,246,15
2427,215,190,30
2428,215,252,32
2429,215,90,23
2430,215,225,13
2431,215,280,25
2432,215,127,20
2433,215,197,10
2434,215,47,28
2435,215,32,50
2436,215,160,43
2437,215,270,21
2438,215,98,47
2439,215,64,48
2440,215,133,44
2441,216,49,29
2442,216,247,35
2443,216,253,22
2444,216,106,21
2445,216,32,6
2446,216,26,16
2447,216,167,1
2448,216,208,1
2449,216,112,48
2450,216,238,9
2451,216,135,7
2452,216,99,17
2453,216,204,26
2454,216,197,2
2455,216,189,14
2456,216,133,28
2457,216,132,1
2458,216,71,4
2459,216,66,46
2460,217,230,23
2461,217,188,25
2462,217,173,38
2463,217,92,7
2464,217,269,35
2465,218,92,18
2466,218,115,23
2467,218,72,49
2468,218,206,16
2469,218,33,3
2470,218,205,25
2471,218,269,40
2472,218,165,29
2473,218,60,28
2474,218,3,42
2475,218,273,50
2476,218,74,15
2477,218,136,22
2478,218,275,6
2479,218,224,49
2480,218,191,15
2481,218,169,19
2482,218,230,12
2483,218,2,25
2484,218,107,29
2485,219,167,19
2486,219,217,7
2487,219,92,43
2488,219,269,21
2489,219,90,15
2490,219,230,12
2491,220,61,3
2492,220,230,48
2493,220,92,47
2494,220,81,48
2495,220,223,35
2496,220,82,2
2497,220,176,31
2498,220,27,34
2499,220,269,25
2500,220,123,44
2501,221,174,8
2502,221,268,48
2503,221,106,15
2504,221,273,30
2505,221,199,2
2506,221,220,49
2507,221,98,22
2508,221,92,5
2509,221,189,6
2510,221,237,12
2511,221,240,34
2512,222,29,41
2513,222,71,20
2514,222,92,39
2515,222,219,49
2516,222,2,19
2517,222,245,43
2518,223,168,8
2519,223,255,37
2520,223,141,42
2521,223,273,46
2522,223,92,48
2523,223,76,31
2524,223,131,20
2525,224,5,4
2526,224,19,21
2527,224,83,19
2528,224,152,37
2529,224,209,26
2530,224,97,15
2531,224,269,6
2532,224,67,42
2533,224,40,28
2534,224,64,28
2535,224,39,36
2536,224,100,5
2537,224,211,8
2538,224,208,36
2539,224,69,45
2540,224,221,29
2541,224,147,35
2542,225,10,16
2543,225,109,23
2544,225,219,14
2545,225,261,4
2546,225,148,10
2547,225,147,43
2548,225,240,14
2549,225,145,29
2550,226,147,2
2551,226,68,42
2552,227,168,17
2553,227,63,42
2554,227,147,40
2555,227,76,44
2556,227,139,23
2557,227,79,26
2558,227,103,14
2559,227,46,11
2560,227,112,19
2561,227,90,14
2562,228,145,16
2563,228,247,9
2564,229,234,22
2565,229,190,41
2566,229,82,43
2567,229,94,9
2568,229,246,35
2569,229,230,40
2570,229,247,7
2571,229,136,31
2572,229,145,22
2573,229,235,35
2574,229,187,38
2575,229,194,48
2576,229,84,32
2577,229,48,6
2578,229,272,38
2579,229,80,19
2580,229,104,47
2581,230,62,22
2582,230,243,40
2583,230,136,24
2584,230,187,36
2585,230,60,28
2586,230,183,31
2587,230,200,15
2588,230,229,28
2589,230,95,44
2590,230,126,14
2591,231,14,31
2592,231,50,31
2593,231,136,12
2594,231,95,42
2595,231,219,32
2596,232,253,37
2597,232,111,18
2598,232,10,28
2599,232,154,35
2600,232,98,33
2601,232,142,27
2602,232,206,49
2603,232,265,23
2604,232,6,37
2605,232,224,13
2606,232,8,3
2607,232,136,19
2608,232,81,37
2609,232,95,30
2610,232,168,26
2611,232,260,50
2612,232,189,20
2613,232,243,21
2614,233,9,44
2615,233,106,31
2616,233,49,14
2617,233,278,6
2618,233,244,22
2619,233,95,18
2620,233,39,23
2621,233,229,29
2622,233,136,42
2623,233,174,22
2624,233,197,20
2625,234,276,39
2626,234,210,21
2627,234,222,35
2628,234,256,12
2629,234,211,18
2630,234,15,48
2631,234,39,14
2632,234,97,1
2633,234,213,6
2634,234,25,41
2635,234,122,25
2636,234,106,26
2637,234,107,41
2638,234,36,1
2639,234,63,36
2640,234,64,12
2641,235,222,1
2642,235,120,31
2643,235,262,17
2644,235,71,9
2645,235,279,14
2646,235,153,4
2647,235,53,12
2648,235,133,18
2649,235,209,20
2650,236,222,22
2651,236,46,40
2652,236,151,19
2653,236,209,11
2654,236,218,39
2655,236,103,33
2656,236,192,32
2657,236,165,21
2658,236,174,10
2659,236,122,21
2660,236,145,35
2661,236,49,5
2662,236,176,16
2663,236,205,41
2664,236,244,1
2665,236,189,39
2666,237,35,22
2667,237,6,6
2668,237,227,1
2669,237,117,22
2670,237,124,40
2671,237,107,23
2672,237,34,22
2673,237,229,5
2674,237,102,12
2675,237,60,1
2676,237,104,45
2677,237,16,28
2678,237,91,18
2679,237,103,49
2680,237,189,47
2681,237,128,22
2682,238,143,10
2683,238,52,2
2684,238,221,44
2685,238,147,38
2686,238,102,24
2687,238,90,13
2688,238,151,45
2689,238,182,15
2690,238,229,18
2691,238,239,47
2692,238,6,37
2693,238,89,18
2694,238,59,15
2695,238,91,36
2696,238,246,47
2697,239,229,39
2698,239,267,32
2699,239,239,9
2700,239,240,45
2701,239,99,14
2702,239,215,4
2703,239,102,29
2704,239,196,2
2705,239,6,43
2706,239,249,4
2707,240,129,40
2708,240,3,15
2709,240,87,12
2710,240,27,47
2711,240,260,33
2712,240,146,21
2713,240,55,16
2714,240,157,45
2715,240,99,30
2716,240,53,22
2717,240,13,31
2718,241,181,45
2719,241,122,43
2720,241,53,20
2721,241,13,50
2722,242,230,43
2723,242,159,36
2724,242,39,42
2725,242,92,50
2726,242,53,8
2727,242,25,25
2728,242,69,5
2729,242,12,13
2730,242,181,46
2731,242,13,40
2732,242,150,37
2733,242,234,46
2734,242,1,48
2735,242,123,37
2736,243,175,25
2737,243,167,12
2738,243,195,8
2739,243,106,48
2740,243,231,3
2741,243,206,26
2742,243,52,32
2743,243,272,40
2744,243,238,36
2745,243,7,46
2746,243,219,36
2747,243,17,38
2748,243,66,19
2749,243,13,46
2750,243,111,12
2751,243,230,27
2752,243,223,38
2753,243,112,33
2754,244,59,28
2755,244,183,4
2756,244,186,46
2757,244,229,37
2758,244,211,14
2759,244,65,11
2760,244,202,50
2761,244,6,38
2762,244,143,39
2763,244,17,17
2764,244,182,42
2765,244,170,18
2766,244,48,20
2767,244,188,4
2768,244,275,24
2769,244,26,8
2770,244,138,24
2771,244,81,21
2772,244,193,49
2773,244,224,10
2774,245,34,10
2775,245,43,38
2776,245,7,1
2777,245,52,13
2778,245,23,27
2779,245,17,12
2780,245,154,21
2781,245,176,28
2782,245,37,8
2783,245,166,20
2784,245,18,47
2785,246,189,16
2786,246,57,3
2787,246,64,10
2788,246,72,49
2789,246,160,33
2790,246,224,29
2791,246,215,41
2792,246,176,45
2793,246,24,23
2794,246,17,36
2795,246,110,35
2796,246,35,13
2797,246,21,15
2798,246,156,30
2799,247,125,36
2800,247,230,11
2801,247,45,16
2802,248,125,5
2803,248,45,39
2804,248,182,25
2805,248,80,38
2806,248,273,28
2807,248,10,49
2808,248,230,15
2809,248,269,42
2810,248,151,10
2811,249,192,18
2812,249,159,24
2813,249,176,28
2814,249,211,39
2815,249,169,16
2816,249,61,46
2817,249,29,2
2818,249,32,14
2819,249,191,14
2820,249,167,47
2821,249,45,44
2822,249,240,18
2823,249,278,3
2824,249,125,12
2825,249,180,22
2826,249,244,44
2827,249,230,4
2828,249,241,29
2829,250,217,50
2830,250,177,20
2831,250,276,49
2832,250,142,16
2833,251,169,31
2834,251,260,40
2835,251,177,10
2836,251,12,13
2837,251,19,47
2838,251,41,46
2839,251,217,15
2840,251,156,25
2841,251,50,8
2842,251,117,16
2843,252,100,7
2844,252,50,46
2845,252,149,50
2846,252,87,19
2847,252,27,19
2848,252,31,5
2849,252,262,25
2850,252,129,38
2851,252,219,45
2852,252,274,5
2853,252,14,7
2854,252,119,5
2855,252,215,3
2856,253,205,37
2857,253,71,16
2858,253,18,16
2859,253,274,38
2860,253,70,17
2861,253,206,22
2862,253,159,8
2863,254,259,3
2864,254,194,32
2865,254,132,49
2866,254,18,43
2867,254,277,3
2868,255,210,38
2869,255,276,9
2870,255,164,7
2871,255,14,2
2872,255,61,18
2873,255,73,21
2874,255,65,33
2875,255,72,11
2876,255,37,42
2877,255,132,40
2878,255,109,34
2879,255,112,37
2880,255,13,49
2881,255,44,47
2882,255,22,19
2883,255,194,20
2884,256,135,7
2885,256,91,37
2886,256,177,13
2887,256,151,12
2888,256,247,1
2889,256,132,20
2890,256,25,27
2891,256,191,37
2892,256,134,32
2893,256,103,37
2894,256,156,31
2895,256,188,33
2896,256,86,40
2897,256,159,1
2898,256,214,25
2899,257,228,16
2900,257,94,45
2901,257,129,36
2902,257,132,8
2903,257,118,43
2904,257,270,4
2905,257,44,46
2906,257,256,12
2907,257,147,47
2908,257,112,8
2909,257,179,8
2910,258,105,10
2911,258,248,49
2912,258,69,37
2913,258,148,50
2914,258,60,43
2915,259,30,3
2916,259,18,27
2917,259,280,30
2918,259,69,10
2919,260,154,47
2920,260,109,43
2921,260,185,36
2922,260,113,8
2923,260,200,1
2924,260,32,19
2925,260,152,48
2926,260,265,24
2927,260,69,29
2928,261,69,50
2929,261,151,19
2930,262,9,2
2931,262,189,27
2932,262,227,32
2933,262,73,33
2934,262,87,14
2935,262,5,12
2936,262,267,45
2937,262,180,26
2938,262,214,8
2939,262,48,2
2940,262,57,33
2941,262,81,3
2942,262,7,33
2943,262,117,50
2944,263,255,34
2945,263,112,12
2946,263,57,21
2947,263,161,49
2948,263,49,13
2949,263,41,10
2950,263,152,21
2951,263,42,8
2952,263,130,45
2953,263,89,6
2954,263,83,3
2955,263,206,11
2956,263,271,11
2957,263,276,35
2958,263,92,15
2959,263,16,24
2960,263,71,17
2961,263,36,41
2962,264,152,9
2963,264,57,44
2964,264,224,33
2965,265,221,15
2966,265,208,2
2967,265,2,12
2968,265,222,30
2969,265,3,19
2970,265,270,37
2971,265,235,49
2972,265,5,19
2973,265,23,45
2974,265,178,13
2975,265,55,30
2976,265,112,30
2977,265,183,30
2978,265,181,35
2979,265,250,29
2980,265,170,13
2981,265,139,16
2982,266,252,49
2983,266,241,21
2984,266,55,35
2985,266,112,3
2986,266,208,42
2987,266,98,19
2988,267,112,20
2989,267,55,38
2990,267,208,49
2991,268,55,39
2992,268,161,39
2993,268,169,27
2994,268,272,20
2995,268,257,20
2996,268,112,10
2997,268,34,10
2998,268,62,4
2999,268,208,5
3000,268,45,6
3001,269,21,17
3002,269,125,16
3003,269,201,22
3004,269,83,33
3005,269,20,48
3006,269,224,22
3007,269,182,36
3008,269,277,32
3009,269,263,48
3010,269,278,31
3011,269,75,18
3012,269,197,18
3013,269,204,39
3014,269,271,45
3015,269,235,36
3016,269,30,28
3017,269,11,32
3018,269,226,35
3019,269,261,7
3020,269,187,18
3021,270,277,10
3022,270,115,25
3023,270,13,21
3024,270,42,46
3025,270,148,28
3026,270,60,48
3027,270,83,2
3028,270,87,11
3029,270,212,8
3030,270,50,17
3031,270,197,12
3032,270,127,19
3033,270,77,17
3034,270,85,44
3035,271,197,25
3036,271,83,36
3037,272,137,23
3038,272,173,8
3039,272,55,15
3040,272,9,34
3041,272,240,27
3042,272,21,37
3043,272,126,8
3044,273,265,9
3045,273,67,45
3046,273,103,18
3047,273,137,45
3048,273,261,41
3049,273,216,48
3050,273,280,43
3051,273,69,15
3052,273,90,17
3053,273,126,22
3054,273,27,23
3055,273,266,39
3056,273,17,13
3057,273,37,35
3058,273,96,21
3059,273,160,16
3060,273,70,35
3061,274,236,10
3062,274,24,14
3063,274,180,49
3064,275,166,12
3065,275,207,19
3066,275,256,14
3067,275,129,1
3068,275,234,14
3069,275,223,33
3070,275,17,22
3071,275,117,32
3072,275,18,40
3073,275,54,41
3074,275,24,34
3075,275,40,22
3076,275,11,16
3077,275,180,33
3078,275,1,11
3079,276,23,2
3080,276,70,40
3081,276,2,50
3082,276,180,45
3083,276,94,15
3084,276,270,20
3085,276,67,37
3086,276,126,17
3087,276,20,43
3088,276,238,49
3089,276,24,36
3090,276,215,13
3091,276,111,14
3092,276,224,41
3093,276,158,49
3094,276,101,17
3095,276,93,15
3096,276,78,4
3097,277,178,17
3098,277,216,40
3099,277,75,9
3100,277,24,6
3101,277,116,15
3102,277,180,21
3103,277,169,40
3104,277,175,45
3105,277,19,17
3106,277,5,3
3107,278,188,11
3108,278,11,45
3109,278,233,14
3110,278,12,14
3111,278,62,20
3112,278,191,12
3113,279,17,9
3114,279,203,48
3115,279,88,34
3116,279,199,25
3117,279,31,29
3118,279,61,7
3119,279,196,47
3120,279,149,44
3121,279,232,39
3122,279,191,5
3123,279,109,25
3124,279,173,25
3125,279,16,19
3126,279,32,37
3127,279,243,38
3128,280,211,24
3129,280,216,46
3130,280,111,23
3131,280,37,19
3132,280,106,12
3133,280,62,27
3134,280,195,32
3135,280,151,2
3136,280,9,30
3137,280,234,8
3138,280,220,25
3139,281,90,5
3140,281,216,37
3141,281,54,1
3142,281,111,9
3143,281,220,23
3144,281,48,45
3145,281,200,22
3146,281,69,15
3147,281,209,29
3148,282,107,24
3149,282,216,27
3150,282,108,18
3151,282,220,47
3152,282,111,25
3153,282,200,31
3154,282,98,15
3155,282,30,17
3156,282,145,21
3157,283,72,16
3158,283,138,45
3159,283,100,19
3160,283,243,33
3161,283,142,47
3162,283,59,37
3163,283,279,27
3164,283,64,46
3165,284,5,41
3166,284,59,30
3167,284,175,50
3168,284,142,37
3169,284,221,12
3170,284,62,20
3171,285,59,40
3172,285,251,14
3173,285,280,35
3174,285,74,4
3175,285,41,46
3176,285,28,38
3177,285,11,41
3178,285,85,32
3179,285,236,44
3180,285,49,14
3181,285,142,15
3182,286,123,26
3183,286,142,34
3184,286,178,10
3185,286,74,50
3186,286,47,35
3187,286,14,41
3188,286,59,30
3189,286,8,3
3190,286,216,16
3191,286,201,33
3192,286,171,11
3193,287,237,16
3194,287,34,29
3195,287,24,35
3196,287,150,14
3197,287,126,32
3198,287,95,18
3199,287,99,4
3200,287,37,10
3201,287,45,7
3202,287,135,43
3203,287,117,6
3204,287,261,40
3205,287,184,36
3206,287,131,41
3207,287,269,40
3208,287,243,8
3209,288,75,10
3210,288,196,3
3211,288,174,26
3212,288,60,32
3213,288,95,30
3214,288,150,9
3215,288,83,10
3216,288,269,12
3217,288,94,36
3218,288,168,35
3219,288,42,34
3220,288,52,12
3221,288,255,5
3222,288,253,13
3223,289,43,7
3224,289,277,23
3225,289,177,35
3226,289,275,19
3227,289,232,36
3228,289,169,9
3229,289,95,11
3230,289,235,22
3231,289,85,4
3232,289,112,44
3233,289,164,47
3234,289,42,10
3235,290,193,29
3236,290,95,12
3237,290,82,23
3238,290,107,15
3239,290,69,19
3240,290,50,31
3241,290,225,46
3242,290,10,33
3243,290,112,34
3244,290,249,48
3245,290,21,33
3246,290,188,38
3247,290,65,40
3248,290,166,39
3249,290,44,3
3250,290,221,50
3251,291,20,50
3252,291,169,18
3253,291,256,27
3254,292,9,19
3255,292,190,45
3256,292,169,1
3257,292,50,20
3258,292,150,33
3259,292,13,21
3260,292,45,8
3261,292,97,24
3262,292,84,32
3263,293,53,28
3264,293,182,40
3265,293,161,12
3266,293,185,31
3267,293,133,5
3268,294,255,4
3269,294,129,10
3270,294,178,38
3271,294,134,31
3272,294,182,48
3273,294,91,50
3274,294,184,26
3275,294,168,48
3276,294,274,26
3277,294,133,5
3278,294,202,23
3279,294,222,15
3280,294,152,48
3281,295,182,31
3282,295,252,16
3283,295,201,13
3284,295,204,9
3285,295,173,50
3286,295,116,12
3287,295,133,38
3288,296,136,23
3289,296,160,3
3290,296,101,3
3291,296,4,44
3292,296,133,22
3293,296,67,4
3294,296,182,43
3295,297,123,13
3296,297,69,34
3297,297,152,23
3298,297,120,8
3299,298,123,11
3300,298,10,48
3301,298,157,21
3302,298,189,32
3303,299,119,11
3304,299,207,43
3305,299,12,19
3306,299,162,28
3307,299,191,48
3308,299,233,35
3309,299,123,41
3310,299,228,6
3311,299,143,25
3312,299,158,26
3313,299,169,34
3314,299,164,3
3315,300,7,14
3316,300,138,40
3317,300,37,33
3318,300,47,10
3319,300,123,3
3320,301,183,7
3321,301,120,42
3322,301,2,46
3323,301,248,30
3324,301,90,19
3325,301,230,50
3326,301,80,8
3327,301,280,26
3328,301,67,15
3329,301,257,12
3330,301,186,34
3331,301,135,34
3332,301,8,13
3333,301,158,48
3334,302,263,6
3335,302,172,43
3336,302,242,42
3337,302,80,43
3338,302,106,23
3339,303,171,14
3340,303,187,32
3341,303,126,2
3342,303,139,13
3343,303,138,15
3344,303,80,8
3345,303,64,37
3346,303,46,18
3347,303,258,9
3348,303,172,2
3349,303,227,21
3350,303,267,28
3351,303,87,32
3352,303,279,14
3353,303,162,5
3354,303,261,14
3355,303,107,40
3356,303,247,49
3357,304,194,39
3358,304,165,48
3359,304,123,39
3360,304,24,21
3361,304,176,24
3362,304,144,50
3363,304,247,8
3364,304,154,5
3365,304,193,17
3366,304,171,45
3367,304,87,44
3368,304,73,15
3369,304,50,39
3370,304,201,43
3371,304,80,30
3372,304,251,3
3373,304,219,21
3374,304,134,32
3375,305,157,25
3376,305,246,43
3377,306,171,7
3378,306,23,36
3379,306,185,13
3380,306,157,12
3381,306,77,9
3382,306,42,41
3383,306,19,24
3384,306,222,4
3385,306,211,5
3386,306,220,15
3387,306,69,6
3388,306,268,28
3389,306,246,10
3390,306,197,24
3391,306,111,33
3392,306,136,14
3393,306,148,14
3394,306,280,24
3395,306,184,27
3396,306,168,28
3397,307,262,48
3398,307,92,49
3399,307,157,21
3400,307,42,22
3401,307,24,15
3402,307,141,14
3403,307,9,14
3404,307,266,2
3405,307,207,8
3406,307,261,14
3407,307,158,16
3408,307,198,3
3409,307,111,3
3410,307,48,41
3411,307,192,12
3412,307,5,36
3413,307,77,48
3414,307,254,37
3415,307,246,4
3416,308,157,47
3417,308,246,46
3418,309,138,48
3419,309,52,35
3420,309,70,6
3421,309,238,27
3422,309,69,19
3423,309,9,40
3424,309,212,10
3425,309,214,27
3426,309,62,18
3427,309,81,29
3428,309,175,33
3429,309,263,22
3430,309,68,34
3431,309,41,14
3432,309,269,28
3433,309,60,45
3434,309,243,4
3435,309,43,25
3436,310,42,30
3437,310,43,16
3438,310,193,14
3439,310,152,24
3440,310,273,32
3441,310,16,5
3442,310,89,18
3443,310,54,22
3444,310,156,32
3445,310,106,40
3446,310,274,13
3447,310,233,24
3448,310,118,31
3449,310,192,36
3450,310,243,27
3451,310,39,2
3452,310,132,35
3453,310,278,7
3454,310,263,36
3455,310,100,33
3456,311,274,36
3457,311,43,22
3458,311,186,10
3459,311,80,7
3460,311,158,29
3461,311,7,48
3462,311,13,36
3463,311,236,26
3464,311,3,17
3465,311,243,19
3466,312,8,19
3467,312,76,32
3468,312,120,30
3469,313,76,20
3470,313,14,47
3471,313,8,47
3472,313,265,20
3473,313,163,27
3474,313,119,44
3475,313,239,10
3476,313,83,22
3477,313,252,40
3478,313,243,47
3479,313,120,40
3480,313,192,2
3481,313,97,25
3482,313,116,50
3483,314,104,4
3484,314,27,24
3485,314,7,41
3486,314,268,41
3487,314,170,46
3488,314,79,28
3489,315,170,24
3490,315,27,50
3491,315,104,38
3492,316,26,13
3493,316,130,39
3494,316,46,22
3495,316,214,39
3496,316,154,32
3497,316,233,30
3498,316,234,22
3499,316,38,13
3500,316,123,27
3501,316,110,33
3502,316,211,38
3503,316,43,12
3504,316,151,11
3505,316,189,36
3506,317,115,7
3507,317,44,29
3508,317,147,28
3509,317,234,3
3510,317,43,8
3511,317,211,2
3512,318,62,20
3513,318,146,17
3514,318,43,31
3515,318,177,40
3516,318,21,1
3517,318,92,18
3518,318,195,29
3519,318,234,23
3520,318,211,13
3521,318,45,21
3522,318,91,32
3523,318,171,38
3524,318,114,39
3525,318,103,31
3526,318,278,18
3527,318,190,15
3528,319,58,19
3529,319,100,37
3530,319,164,24
3531,319,264,48
3532,319,10,18
3533,320,206,2
3534,320,59,47
3535,320,187,43
3536,320,250,30
3537,320,178,5
3538,320,103,22
3539,320,164,50
3540,320,195,36
3541,320,47,4
3542,320,95,35
3543,320,267,7
3544,321,196,45
3545,321,268,35
3546,321,164,45
3547,321,198,31
3548,321,123,7
3549,321,158,29
3550,322,179,38
3551,322,12,40
3552,322,54,32
3553,322,166,43
3554,322,264,7
3555,322,172,9
3556,322,212,32
3557,322,8,45
3558,323,44,25
3559,323,60,12
3560,323,50,16
3561,323,264,28
3562,323,172,36
3563,323,116,30
3564,323,158,47
3565,323,83,21
3566,323,132,43
3567,323,207,37
3568,323,169,34
3569,323,45,1
3570,323,255,42
3571,323,92,8
3572,323,8,32
3573,324,264,46
3574,324,8,18
3575,324,50,26
3576,324,83,42
3577,324,172,4
3578,325,112,40
3579,325,104,5
3580,325,264,40
3581,325,56,38
3582,325,36,6
3583,325,172,18
3584,325,8,32
3585,325,11,6
3586,326,91,6
3587,326,96,27
3588,326,12,37
3589,326,270,13
3590,326,248,49
3591,326,239,47
3592,326,243,17
3593,326,246,16
3594,326,50,8
3595,326,125,43
3596,326,235,24
3597,327,169,15
3598,327,73,36
3599,327,257,32
3600,327,248,13
3601,327,180,30
3602,327,270,25
3603,327,91,24
3604,327,102,33
3605,327,191,34
3606,327,10,42
3607,327,186,11
3608,327,275,27
3609,327,36,9
3610,328,203,50
3611,328,43,50
3612,328,231,26
3613,328,129,29
3614,329,201,5
3615,329,183,42
3616,329,231,3
3617,329,16,37
3618,329,205,46
3619,329,43,22
3620,329,5,32
3621,329,83,45
3622,329,178,47
3623,329,21,6
3624,329,50,43
3625,329,129,48
3626,329,280,25
3627,329,263,17
3628,330,231,18
3629,330,274,39
3630,330,43,49
3631,330,136,23
3632,330,129,38
3633,330,32,42
3634,330,18,7
3635,331,163,34
3636,331,185,25
3637,331,147,19
3638,331,135,40
3639,331,108,42
3640,331,226,47
3641,331,28,19
3642,331,234,29
3643,331,125,49
3644,331,278,32
3645,332,28,23
3646,332,125,19
3647,332,86,2
3648,332,108,25
3649,332,18,3
3650,332,229,4
3651,333,261,28
3652,333,251,35
3653,333,53,31
3654,333,28,8
3655,333,108,41
3656,333,204,39
3657,333,172,15
3658,333,130,5
3659,333,125,45
3660,333,41,22
3661,334,79,20
3662,334,225,5
3663,334,55,10
3664,334,132,44
3665,334,127,29
3666,334,85,47
3667,334,182,44
3668,334,143,22
3669,334,98,26
3670,334,215,40
3671,334,161,29
3672,334,135,12
3673,334,263,46
3674,334,213,28
3675,334,32,7
3676,334,27,32
3677,334,137,40
3678,334,268,2
3679,334,95,44
3680,335,55,6
3681,335,173,12
3682,335,225,31
3683,336,225,27
3684,336,48,7
3685,336,90,8
3686,336,36,48
3687,336,240,18
3688,336,34,7
3689,336,55,48
3690,336,137,28
3691,336,8,26
3692,336,17,10
3693,336,204,22
3694,336,62,40
3695,337,86,14
3696,337,28,46
3697,337,222,15
3698,337,41,31
3699,337,195,27
3700,337,80,9
3701,337,237,37
3702,337,73,40
3703,337,2,3
3704,337,165,23
3705,337,122,42
3706,337,87,26
3707,337,76,46
3708,337,196,11
3709,337,85,37
3710,337,183,48
3711,338,28,38
3712,338,205,25
3713,338,269,28
3714,338,61,14
3715,338,51,45
3716,339,70,27
3717,339,156,9
3718,339,73,25
3719,339,247,3
3720,339,235,46
3721,339,68,18
3722,339,114,32
3723,339,165,31
3724,340,183,32
3725,340,139,33
3726,340,163,14
3727,340,180,14
3728,340,262,3
3729,340,111,8
3730,340,176,31
3731,340,197,32
3732,340,68,32
3733,340,250,50
3734,340,6,40
3735,340,217,3
3736,340,76,46
3737,340,52,50
3738,340,234,24
3739,340,43,8
3740,340,114,43
3741,340,51,15
3742,341,155,15
3743,341,271,32
3744,341,117,15
3745,341,52,2
3746,341,1,45
3747,341,72,32
3748,341,168,20
3749,341,31,22
3750,341,37,10
3751,342,119,18
3752,342,209,17
3753,342,168,31
3754,342,63,18
3755,342,194,42
3756,343,135,26
3757,343,228,29
3758,343,146,11
3759,343,72,16
3760,343,1,32
3761,343,192,19
3762,343,107,20
3763,343,81,36
3764,343,168,1
3765,343,154,1
3766,343,227,14
3767,343,242,43
3768,343,210,42
3769,343,91,30
3770,343,17,25
3771,343,264,32
3772,343,5,17
3773,343,73,35
3774,343,261,16
3775,343,225,24
3776,344,72,23
3777,344,205,21
3778,344,67,24
3779,344,164,43
3780,344,3,41
3781,344,62,48
3782,344,99,8
3783,344,248,14
3784,344,203,8
3785,344,119,24
3786,344,243,4
3787,345,208,21
3788,345,196,42
3789,345,106,47
3790,345,220,12
3791,345,164,40
3792,345,63,40
3793,345,111,35
3794,345,120,49
3795,345,53,32
3796,345,203,30
3797,345,119,10
3798,346,56,32
3799,346,217,7
3800,346,109,12
3801,346,153,42
3802,346,139,45
3803,346,192,46
3804,346,218,9
3805,346,169,16
3806,346,146,35
3807,346,152,10
3808,346,235,14
3809,346,83,1
3810,346,130,25
3811,346,279,13
3812,346,5,33
3813,346,268,46
3814,346,272,25
3815,346,52,20
3816,347,127,16
3817,347,170,6
3818,347,153,21
3819,347,148,36
3820,347,32,42
3821,347,123,27
3822,347,119,24
3823,347,47,9
3824,347,218,32
3825,347,40,12
3826,347,20,42
3827,347,122,46
3828,347,15,10
3829,347,139,4
3830,347,57,27
3831,347,24,17
3832,347,187,28
3833,348,153,15
3834,348,5,2
3835,349,167,22
3836,349,223,22
3837,349,273,13
3838,349,212,3
3839,349,269,47
3840,349,193,37
3841,349,209,11
3842,349,218,48
3843,349,170,4
3844,349,153,40
3845,350,110,30
3846,350,227,33
3847,350,33,35
3848,350,24,44
3849,350,109,9
3850,350,104,28
3851,350,130,7
3852,350,98,22
3853,350,251,32
3854,350,43,47
3855,350,152,9
3856,350,102,9
3857,350,255,4
3858,350,83,45
3859,350,53,45
3860,350,61,25
3861,350,39,7
3862,350,66,27
3863,350,14,22
3864,351,255,19
3865,351,83,5
3866,351,127,42
3867,351,230,5
3868,351,152,49
3869,351,138,15
3870,351,177,40
3871,351,76,47
3872,351,224,32
3873,351,22,39
3874,352,62,18
3875,352,57,8
3876,352,41,22
3877,352,182,36
3878,352,82,4
3879,352,69,41
3880,352,60,18
3881,352,234,38
3882,353,137,50
3883,353,19,38
3884,353,81,24
3885,353,82,26
3886,353,60,9
3887,353,148,43
3888,353,53,19
3889,354,45,5
3890,354,30,30
3891,354,274,23
3892,354,258,12
3893,354,97,3
3894,354,203,13
3895,354,246,50
3896,354,196,47
3897,355,18,3
3898,355,97,44
3899,355,196,36
3900,355,32,33
3901,355,176,2
3902,355,45,45
3903,355,193,12
3904,356,50,1
3905,356,44,3
3906,356,137,4
3907,356,28,49
3908,356,238,1
3909,356,198,15
3910,356,22,38
3911,356,264,41
3912,356,43,3
3913,356,142,11
3914,357,108,35
3915,357,186,26
3916,357,155,31
3917,357,205,8
3918,357,255,5
3919,357,198,29
3920,357,57,46
3921,358,78,39
3922,358,84,44
3923,358,70,22
3924,358,45,10
3925,358,128,4
3926,358,198,24
3927,358,250,49
3928,359,162,49
3929,359,246,33
3930,359,242,46
3931,359,164,5
3932,359,219,38
3933,359,244,46
3934,359,74,15
3935,359,107,33
3936,359,53,23
3937,359,94,16
3938,360,50,42
3939,360,244,20
3940,360,14,20
3941,360,225,2
3942,360,6,36
3943,360,238,5
3944,360,117,7
3945,360,140,27
3946,360,34,1
3947,360,89,16
3948,360,280,21
3949,360,193,8
3950,360,127,16
3951,360,18,17
3952,360,246,14
3953,360,278,29
3954,360,102,34
3955,360,123,45
3956,360,175,42
3957,361,45,32
3958,361,165,26
3959,361,225,26
3960,361,158,38
3961,361,108,35
3962,361,226,1
3963,361,88,30
3964,361,44,7
3965,361,9,16
3966,361,80,15
3967,361,248,3
3968,361,111,44
3969,361,129,44
3970,361,244,30
3971,361,228,50
3972,362,76,25
3973,362,227,40
3974,362,144,47
3975,362,180,20
3976,362,47,29
3977,362,243,15
3978,362,274,22
3979,362,260,3
3980,362,237,27
3981,362,163,23
3982,362,137,33
3983,362,7,22
3984,362,79,32
3985,362,244,9
3986,362,1,20
3987,362,249,6
3988,362,61,16
3989,362,236,41
3990,363,226,10
3991,363,132,25
3992,363,164,17
3993,363,30,32
3994,363,117,1
3995,363,57,21
3996,363,177,40
3997,363,240,46
3998,363,244,27
3999,363,150,49
4000,363,187,40
4001,363,68,41
4002,363,160,43
4003,363,32,13
4004,363,225,40
4005,363,249,11
4006,363,102,34
4007,364,195,27
4008,364,76,9
4009,364,246,39
4010,364,217,11
4011,364,32,6
4012,364,244,37
4013,364,177,11
4014,364,175,36
4015,364,73,25
4016,365,107,10
4017,365,244,8
4018,365,104,11
4019,365,149,43
4020,365,32,35
4021,365,143,22
4022,365,265,14
4023,365,15,26
4024,365,177,34
4025,365,168,35
4026,365,28,14
4027,366,112,12
4028,366,101,19
4029,366,280,21
4030,366,67,1
4031,366,32,21
4032,366,177,23
4033,366,61,37
4034,366,96,43
4035,366,268,13
4036,366,70,44
4037,366,244,29
4038,366,81,43
4039,367,120,28
4040,367,234,38
4041,367,197,24
4042,367,72,49
4043,367,73,42
4044,367,236,9
4045,367,207,14
4046,367,7,50
4047,367,256,15
4048,367,146,2
4049,368,234,42
4050,368,236,48
4051,368,27,48
4052,368,207,43
4053,368,191,24
4054,368,275,5
4055,368,181,7
4056,368,268,47
4057,368,91,41
4058,369,7,29
4059,369,61,17
4060,369,45,45
4061,369,105,16
4062,369,238,50
4063,369,126,3
4064,369,63,19
4065,369,211,25
4066,369,190,27
4067,369,252,39
4068,369,194,31
4069,369,55,10
4070,369,56,19
4071,369,242,12
4072,369,110,47
4073,369,148,7
4074,369,168,20
4075,369,26,3
4076,369,203,16
4077,370,26,3
4078,370,106,25
4079,370,268,48
4080,370,110,4
4081,370,18,32
4082,370,105,1
4083,370,24,19
4084,370,93,11
4085,370,221,50
4086,370,79,50
4087,370,242,19
4088,370,83,8
4089,371,47,43
4090,371,50,4
4091,371,162,30
4092,371,136,30
4093,371,222,34
4094,371,49,41
4095,371,140,26
4096,371,170,50
4097,371,192,29
4098,371,223,15
4099,371,97,24
4100,371,218,50
4101,371,251,31
4102,371,153,46
4103,371,88,8
4104,371,190,8
4105,371,148,10
4106,371,228,34
4107,371,19,27
4108,372,35,6
4109,372,72,35
4110,372,43,21
4111,372,97,25
4112,373,3,35
4113,373,269,14
4114,373,97,5
4115,373,215,40
4116,373,66,37
4117,373,81,11
4118,373,134,15
4119,373,65,17
4120,373,80,17
4121,373,137,31
4122,373,38,34
4123,373,156,8
4124,374,256,47
4125,374,173,2
4126,374,37,4
4127,374,213,22
4128,374,141,41
4129,374,40,40
4130,374,158,25
4131,374,241,47
4132,374,147,11
4133,374,214,8
4134,374,4,38
4135,374,193,23
4136,374,49,40
4137,375,76,44
4138,375,120,16
4139,375,268,27
4140,375,158,7
4141,375,5,20
4142,375,217,28
4143,375,175,40
4144,375,137,37
4145,375,201,27
4146,376,8,12
4147,376,32,8
4148,376,264,9
4149,376,199,49
4150,376,2,28
4151,376,266,24
4152,376,5,12
4153,376,70,15
4154,376,274,48
4155,376,233,50
4156,376,64,33
4157,376,151,21
4158,376,208,23
4159,376,158,23
4160,376,272,15
4161,376,20,42
4162,376,223,35
4163,376,144,43
4164,376,123,19
4165,376,186,46
4166,377,245,38
4167,377,61,26
4168,377,217,6
4169,377,79,8
4170,377,54,6
4171,378,272,48
4172,378,112,40
4173,378,254,37
4174,378,10,7
4175,378,225,23
4176,378,279,38
4177,378,61,13
4178,378,183,20
4179,378,168,18
4180,378,108,4
4181,378,259,22
4182,378,17,49
4183,378,257,19
4184,378,33,4
4185,378,173,27
4186,378,79,38
4187,378,146,7
4188,379,120,28
4189,379,203,20
4190,379,96,31
4191,379,21,11
4192,379,134,33
4193,379,47,1
4194,379,79,14
4195,379,98,33
4196,379,229,3
4197,379,61,18
4198,379,24,37
4199,380,123,33
4200,380,39,18
4201,380,6,24
4202,380,156,5
4203,380,117,45
4204,380,89,35
4205,380,122,10
4206,380,210,48
4207,380,198,3
4208,380,157,11
4209,380,247,36
4210,380,26,31
4211,380,234,47
4212,380,114,30
4213,381,173,41
4214,381,196,15
4215,381,108,41
4216,381,158,45
4217,381,157,13
4218,381,60,46
4219,381,89,10
4220,381,125,33
4221,381,252,20
4222,381,11,46
4223,381,269,28
4224,381,90,40
4225,381,93,19
4226,381,278,37
4227,382,56,14
4228,382,123,49
4229,382,205,22
4230,382,244,3
4231,382,159,10
4232,382,109,41
4233,382,212,14
4234,382,125,46
4235,382,78,30
4236,382,53,20
4237,382,101,40
4238,382,157,43
4239,382,107,33
4240,382,4,27
4241,382,31,5
4242,383,32,26
4243,383,97,42
4244,383,217,40
4245,383,157,12
4246,383,68,48
4247,384,196,30
4248,384,26,6
4249,384,99,9
4250,384,76,9
4251,384,156,49
4252,384,207,11
4253,384,29,20
4254,384,55,28
4255,384,221,23
4256,384,212,9
4257,384,219,49
4258,384,192,5
4259,384,8,29
4260,384,236,32
4261,384,83,22
4262,385,52,1
4263,385,162,5
4264,385,157,9
4265,385,29,48
4266,385,79,41
4267,385,206,45
4268,385,259,37
4269,385,62,35
4270,385,112,50
4271,385,28,39
4272,385,45,41
4273,385,97,40
4274,385,73,44
4275,385,193,25
4276,385,119,19
4277,385,260,50
4278,385,142,49
4279,385,191,16
4280,385,244,11
4281,386,153,24
4282,386,29,15
4283,386,122,49
4284,386,19,25
4285,386,223,3
4286,386,26,43
4287,387,161,32
4288,387,194,35
4289,387,29,2
4290,387,3,42
4291,388,239,27
4292,388,46,16
4293,388,221,19
4294,388,137,19
4295,388,127,28
4296,388,248,8
4297,388,104,19
4298,388,96,41
4299,388,195,48
4300,388,183,16
4301,388,190,39
4302,388,136,50
4303,388,234,26
4304,388,216,1
4305,388,89,43
4306,388,122,3
4307,388,188,20
4308,388,250,7
4309,388,208,47
4310,388,275,19
4311,389,215,38
4312,389,122,16
4313,389,222,31
4314,389,30,45
4315,389,114,20
4316,389,280,6
4317,389,252,28
4318,389,240,33
4319,389,1,11
4320,389,235,50
4321,390,184,41
4322,390,213,7
4323,390,122,25
4324,390,23,47
4325,390,219,46
4326,390,19,17
4327,390,214,42
4328,391,91,49
4329,391,268,13
4330,391,28,33
4331,391,145,40
4332,391,205,30
4333,391,122,38
4334,391,206,25
4335,392,87,41
4336,392,208,45
4337,392,8,47
4338,392,125,47
4339,392,47,11
4340,392,236,26
4341,392,226,45
4342,392,264,18
4343,392,188,18
4344,392,211,39
4345,392,107,11
4346,392,168,41
4347,392,123,11
4348,392,142,5
4349,392,34,44
4350,392,41,13
4351,392,233,13
4352,392,155,26
4353,392,215,48
4354,392,274,46
4355,393,188,6
4356,393,8,16
4357,394,109,26
4358,394,125,20
4359,394,146,45
4360,394,24,2
4361,394,144,46
4362,394,96,10
4363,394,214,50
4364,394,274,26
4365,394,193,6
4366,394,171,42
4367,394,188,37
4368,394,8,45
4369,394,63,41
4370,394,204,15
4371,395,93,47
4372,395,47,16
4373,395,72,13
4374,395,274,46
4375,395,195,28
4376,395,82,7
4377,395,245,41
4378,395,219,21
4379,395,231,18
4380,395,69,17
4381,395,187,16
4382,395,197,20
4383,396,219,44
4384,396,240,7
4385,396,71,39
4386,396,112,34
4387,396,258,12
4388,396,235,19
4389,397,267,18
4390,397,247,13
4391,397,82,4
4392,397,194,13
4393,398,110,23
4394,398,98,34
4395,398,28,12
4396,398,268,19
4397,398,23,4
4398,398,42,6
4399,398,164,50
4400,398,262,12
4401,398,232,33
4402,398,70,7
4403,398,82,21
4404,398,278,20
4405,398,217,42
4406,398,200,32
4407,398,247,21
4408,399,142,49
4409,399,263,18
4410,399,37,28
4411,399,48,36
4412,399,93,9
4413,399,99,47
4414,399,42,17
4415,399,57,19
4416,399,224,32
4417,399,256,41
4418,399,73,19
4419,399,18,32
4420,399,149,34
4421,399,95,9
4422,399,215,8
4423,399,261,46
4424,399,160,49
4425,399,236,10
4426,399,174,21
4427,399,94,11
4428,400,260,45
4429,400,184,4
4430,400,227,44
4431,400,146,7
4432,400,169,28
4433,400,87,24
4434,400,99,17
4435,400,73,41
4436,400,158,23
4437,400,8,30
4438,401,30,41
4439,401,31,18
4440,401,241,12
4441,401,159,47
4442,401,105,29
4443,401,248,39
4444,401,16,25
4445,401,82,14
4446,401,207,20
4447,401,166,36
4448,401,87,20
4449,401,13,26
4450,401,61,4
4451,401,244,36
4452,401,198,21
4453,401,51,49
4454,401,212,50
4455,401,143,21
4456,401,97,30
4457,401,227,22
4458,402,271,21
4459,402,248,46
4460,402,159,18
4461,402,280,23
4462,402,65,44
4463,402,176,44
4464,403,182,43
4465,403,247,49
4466,403,195,31
4467,403,131,24
4468,403,275,14
4469,403,257,32
4470,403,241,4
4471,403,216,9
4472,403,173,16
4473,403,278,15
4474,403,62,37
4475,403,109,38
4476,403,116,31
4477,403,97,11
4478,404,13,40
4479,404,256,47
4480,404,263,30
4481,404,56,44
4482,404,109,38
4483,404,161,5
4484,404,65,49
4485,404,31,50
4486,404,15,25
4487,404,53,43
4488,404,215,2
4489,404,231,26
4490,404,80,12
4491,404,61,31
4492,404,222,30
4493,404,36,45
4494,404,278,32
4495,404,62,25
4496,404,34,34
4497,405,159,1
4498,405,201,26
4499,405,6,40
4500,405,109,50
4501,405,136,37
4502,405,37,16
4503,405,278,50
4504,405,108,44
4505,406,260,50
4506,406,277,47
4507,406,38,38
4508,406,147,50
4509,406,150,20
4510,406,125,27
4511,406,63,15
4512,406,211,8
4513,406,34,40
4514,406,56,21
4515,406,23,29
4516,407,2,46
4517,407,26,1
4518,407,143,18
4519,407,56,11
4520,407,97,46
4521,407,119,24
4522,407,151,28
4523,407,7,30
4524,407,30,32
4525,407,185,19
4526,407,62,37
4527,407,277,45
4528,407,36,40
4529,407,93,1
4530,407,20,45
4531,407,69,42
4532,407,280,50
4533,407,46,1
4534,407,233,3
4535,407,18,26
4536,408,101,12
4537,408,162,36
4538,408,6,11
4539,408,24,5
4540,408,56,10
4541,408,149,49
4542,408,71,43
4543,408,194,11
4544,408,52,9
4545,408,175,27
4546,408,1,37
4547,408,254,9
4548,408,277,27
4549,408,17,11
4550,409,114,27
4551,409,59,14
4552,409,42,17
4553,409,277,30
4554,409,67,11
4555,409,11,37
4556,409,134,26
4557,409,56,36
4558,409,118,12
4559,409,52,21
4560,409,252,2
4561,409,152,1
4562,409,84,7
4563,410,88,44
4564,410,53,21
4565,410,24,34
4566,410,219,41
4567,410,30,31
4568,410,156,39
4569,410,102,5
4570,410,61,12
4571,410,166,50
4572,410,78,2
4573,410,186,3
4574,410,257,42
4575,410,181,45
4576,410,199,8
4577,410,45,39
4578,410,157,34
4579,411,53,50
4580,411,88,33
4581,411,181,35
4582,411,40,28
4583,411,21,14
4584,411,150,42
4585,411,79,24
4586,412,75,34
4587,412,134,19
4588,412,100,39
4589,412,168,10
4590,412,118,30
4591,412,270,15
4592,412,48,44
4593,412,232,50
4594,412,181,17
4595,412,280,23
4596,412,69,38
4597,412,143,3
4598,412,241,7
4599,412,21,28
4600,412,114,6
4601,412,163,21
4602,413,51,36
4603,413,263,15
4604,413,110,49
4605,413,60,15
4606,413,8,19
4607,413,246,4
4608,413,200,13
4609,413,84,38
4610,413,245,15
4611,413,59,30
4612,413,131,38
4613,413,15,32
4614,413,61,28
4615,414,124,29
4616,414,60,17
4617,414,225,10
4618,414,263,2
4619,414,4,13
4620,414,51,16
4621,414,161,19
4622,415,60,44
4623,415,51,33
4624,416,180,36
4625,416,252,32
4626,416,225,48
4627,416,131,42
4628,416,77,4
4629,416,276,12
4630,416,215,47
4631,416,211,32
4632,416,209,25
4633,416,139,28
4634,417,188,35
4635,417,178,3
4636,417,137,27
4637,417,180,41
4638,417,14,33
4639,417,209,3
4640,417,234,1
4641,418,208,31
4642,418,180,27
4643,418,183,33
4644,418,207,11
4645,418,205,23
4646,418,75,1
4647,418,42,44
4648,418,38,34
4649,418,149,40
4650,418,209,49
4651,418,231,50
4652,418,177,41
4653,418,1,16
4654,418,192,22
4655,419,79,14
4656,419,209,9
4657,419,256,10
4658,419,180,36
4659,419,36,17
4660,419,203,10
4661,419,34,2
4662,419,77,27
4663,419,266,31
4664,419,228,30
4665,419,135,26
4666,419,72,12
4667,420,156,3
4668,420,178,48
4669,420,150,2
4670,420,4,6
4671,420,194,47
4672,420,60,4
4673,420,114,27
4674,420,87,18
4675,420,177,43
4676,420,203,42
4677,420,257,46
4678,420,79,8
4679,420,231,37
4680,420,223,30
4681,420,263,18
4682,421,188,6
4683,421,156,39
4684,421,193,43
4685,421,95,9
4686,421,272,14
4687,421,87,15
4688,421,230,1
4689,421,279,32
4690,421,96,26
4691,422,69,42
4692,422,156,41
4693,422,149,25
4694,422,217,26
4695,422,175,38
4696,422,218,43
4697,422,209,20
4698,422,87,4
4699,422,59,13
4700,422,63,40
4701,422,239,43
4702,423,87,21
4703,423,156,50
4704,424,56,30
4705,424,277,35
4706,424,108,36
4707,424,52,27
4708,424,257,18
4709,424,59,35
4710,424,210,39
4711,424,102,2
4712,424,169,26
4713,424,50,29
4714,424,237,27
4715,424,243,4
4716,424,43,26
4717,424,231,10
4718,424,272,45
4719,424,106,49
4720,424,170,7
4721,424,75,34
4722,424,64,4
4723,425,174,12
4724,425,223,22
4725,425,14,2
4726,425,43,10
4727,425,59,42
4728,425,23,37
4729,425,198,21
4730,425,156,46
4731,425,54,32
4732,425,210,24
4733,425,160,20
4734,425,169,48
4735,425,214,22
4736,425,252,6
4737,425,75,27
4738,425,233,28
4739,426,221,28
4740,426,209,34
4741,426,171,8
4742,426,5,20
4743,426,1,11
4744,426,169,4
4745,426,101,50
4746,426,75,43
4747,426,43,34
4748,426,92,42
4749,426,12,34
4750,426,201,26
4751,427,75,19
4752,427,43,25
4753,427,217,16
4754,427,87,1
4755,427,213,23
4756,427,202,21
4757,427,31,14
4758,427,27,29
4759,427,169,9
4760,427,254,2
4761,427,33,30
4762,428,213,13
4763,428,125,35
4764,429,110,37
4765,429,28,21
4766,429,227,32
4767,429,213,45
4768,429,200,5
4769,429,256,43
4770,429,172,3
4771,429,133,32
4772,429,14,6
4773,429,155,13
4774,430,106,1
4775,430,9,37
4776,430,121,11
4777,430,185,11
4778,430,261,22
4779,430,238,18
4780,430,119,22
4781,430,112,32
4782,430,213,1
4783,430,193,13
4784,430,41,49
4785,430,265,49
4786,430,25,23
4787,430,103,26
4788,431,130,8
4789,431,271,27
4790,431,181,29
4791,431,111,27
4792,431,162,50
4793,431,56,20
4794,431,249,6
4795,431,15,5
4796,431,165,50
4797,431,106,44
4798,431,213,9
4799,431,216,31
4800,432,28,12
4801,432,118,43
4802,432,83,6
4803,432,124,9
4804,432,238,26
4805,432,151,34
4806,432,242,48
4807,432,184,50
4808,432,1,46
4809,432,241,26
4810,432,48,25
4811,432,51,49
4812,432,198,17
4813,432,243,39
4814,432,197,22
4815,433,198,30
4816,433,104,8
4817,433,220,44
4818,433,177,4
4819,433,207,19
4820,433,127,10
4821,433,264,42
4822,433,168,22
4823,433,238,34
4824,433,244,49
4825,433,64,9
4826,433,151,42
4827,433,10,8
4828,433,224,8
4829,433,197,4
4830,433,134,47
4831,434,154,39
4832,434,122,24
4833,434,198,45
4834,434,205,29
4835,434,235,46
4836,434,153,26
4837,434,151,38
4838,435,187,41
4839,435,180,14
4840,435,238,15
4841,435,209,38
4842,435,124,23
4843,435,254,31
4844,435,156,17
4845,435,214,14
4846,436,34,50
4847,436,84,37
4848,436,267,3
4849,436,32,24
4850,436,228,40
4851,436,236,2
4852,436,201,42
4853,436,60,48
4854,436,187,21
4855,436,276,11
4856,436,17,34
4857,436,235,36
4858,436,191,1
4859,436,193,30
4860,436,177,15
4861,436,28,37
4862,436,240,41
4863,436,154,45
4864,437,45,24
4865,437,155,6
4866,437,187,24
4867,437,1,35
4868,437,149,44
4869,437,19,39
4870,437,160,2
4871,437,11,14
4872,437,114,41
4873,438,118,2
4874,438,121,27
4875,438,221,18
4876,438,51,5
4877,438,183,48
4878,438,23,9
4879,438,101,11
4880,438,216,43
4881,438,260,15
4882,438,98,43
4883,438,64,27
4884,438,82,35
4885,438,110,5
4886,438,61,13
4887,439,49,20
4888,439,140,42
4889,439,169,38
4890,439,116,46
4891,439,64,37
4892,439,82,25
4893,439,132,49
4894,439,216,13
4895,439,270,44
4896,439,188,3
4897,439,136,40
4898,439,236,38
4899,439,72,32
4900,439,2,49
4901,439,97,31
4902,439,94,19
4903,440,37,35
4904,440,121,30
4905,440,103,12
4906,440,223,18
4907,440,118,49
4908,440,50,44
4909,440,72,30
4910,440,5,34
4911,440,227,24
4912,440,180,5
4913,440,82,13
4914,440,68,23
4915,440,202,34
4916,440,115,4
4917,440,158,10
4918,440,173,29
4919,440,157,42
4920,440,162,22
4921,440,277,42
4922,440,64,34
4923,441,205,43
4924,441,82,28
4925,441,68,13
4926,441,152,9
4927,441,64,14
4928,441,202,38
4929,441,29,24
4930,441,42,4
4931,441,59,19
4932,441,203,4
4933,441,109,11
4934,442,87,23
4935,442,103,8
4936,442,158,49
4937,442,260,36
4938,442,238,10
4939,442,105,34
4940,442,56,49
4941,442,274,11
4942,442,88,27
4943,442,106,14
4944,442,157,27
4945,442,72,7
4946,442,25,34
4947,442,182,47
4948,442,192,50
4949,442,155,49
4950,442,223,39
4951,442,216,29
4952,443,158,50
4953,443,103,39
4954,444,192,5
4955,444,199,4
4956,444,42,39
4957,444,235,26
4958,444,14,36
4959,444,158,43
4960,444,59,29
4961,444,188,43
4962,444,140,22
4963,444,194,37
4964,444,164,46
4965,444,221,16
4966,444,96,16
4967,444,275,8
4968,444,103,9
4969,444,114,35
4970,444,251,17
4971,444,78,19
4972,444,210,5
4973,445,158,42
4974,445,103,32
4975,445,258,40
4976,445,255,12
4977,445,270,24
4978,445,89,23
4979,445,141,20
4980,445,224,19
4981,445,65,10
4982,445,192,10
4983,445,53,17
4984,446,85,14
4985,446,68,2
4986,446,76,43
4987,446,58,26
4988,446,62,23
4989,446,120,8
4990,447,15,9
4991,447,220,28
4992,447,156,3
4993,447,113,24
4994,447,68,11
4995,447,203,26
4996,447,197,33
4997,448,78,20
4998,448,177,44
4999,448,235,29
5000,448,115,37
5001,448,68,28
5002,448,105,15
5003,448,119,17
5004,448,25,13
5005,448,274,36
5006,448,205,36
5007,448,97,41
5008,448,64,20
5009,448,131,48
5010,448,124,21
5011,449,22,20
5012,449,129,22
5013,449,163,25
5014,449,238,32
5015,449,92,29
5016,449,261,17
5017,449,164,25
5018,449,217,21
5019,449,21,26
5020,449,95,3
5021,449,68,1
5022,449,200,4
5023,449,146,38
5024,449,278,12
5025,450,154,50
5026,450,60,38
5027,450,252,29
5028,450,58,5
5029,450,45,16
5030,450,71,49
5031,450,102,5
5032,450,264,20
5033,450,277,13
5034,450,176,32
5035,451,196,27
5036,451,235,36
5037,451,152,19
5038,451,277,50
5039,451,47,43
5040,452,17,38
5041,452,45,27
5042,452,227,4
5043,452,26,32
5044,452,277,37
5045,453,100,16
5046,453,73,36
5047,453,85,14
5048,453,76,50
5049,453,160,16
5050,453,104,30
5051,453,6,18
5052,453,123,40
5053,453,83,2
5054,453,250,18
5055,453,273,4
5056,453,26,18
5057,453,181,5
5058,453,88,39
5059,453,141,6
5060,454,104,22
5061,454,160,50
5062,454,29,3
5063,454,250,30
5064,454,127,23
5065,454,24,49
5066,454,84,21
5067,454,30,32
5068,455,104,25
5069,455,24,47
5070,455,221,50
5071,455,255,5
5072,455,134,10
5073,455,167,41
5074,455,162,34
5075,455,126,36
5076,455,35,43
5077,455,11,50
5078,455,222,16
5079,455,248,24
5080,455,250,20
5081,455,17,2
5082,455,74,34
5083,455,91,36
5084,455,214,9
5085,455,160,1
5086,455,171,39
5087,456,257,47
5088,456,234,15
5089,456,174,29
5090,456,213,33
5091,456,27,44
5092,456,104,1
5093,456,144,11
5094,456,24,24
5095,456,127,27
5096,456,250,11
5097,456,160,14
5098,456,125,13
5099,457,147,47
5100,457,262,16
5101,457,270,6
5102,457,194,23
5103,457,226,3
5104,457,106,31
5105,457,217,8
5106,457,159,6
5107,457,122,22
5108,457,35,3
5109,457,126,25
5110,457,276,13
5111,457,41,25
5112,457,40,26
5113,457,127,15
5114,457,253,32
5115,457,24,31
5116,457,77,36
5117,457,259,34
5118,457,9,29
5119,458,84,15
5120,458,77,1
5121,458,218,44
5122,458,204,47
5123,458,121,22
5124,458,210,17
5125,458,153,28
5126,458,47,39
5127,458,199,17
5128,458,241,42
5129,458,172,11
5130,458,106,26
5131,459,106,3
5132,459,77,20
5133,460,228,25
5134,460,68,15
5135,460,198,19
5136,460,216,18
5137,460,223,50
5138,460,156,33
5139,460,246,34
5140,460,266,27
5141,460,127,30
5142,460,171,7
5143,460,16,45
5144,460,44,50
5145,460,229,41
5146,460,219,32
5147,461,27,44
5148,461,204,33
5149,461,86,26
5150,461,127,36
5151,461,42,13
5152,461,201,9
5153,461,228,41
5154,461,192,15
5155,461,44,38
5156,461,75,21
5157,462,110,49
5158,462,69,10
5159,462,240,20
5160,462,159,2
5161,463,198,35
5162,463,262,34
5163,463,31,29
5164,463,95,6
5165,463,137,33
5166,463,76,25
5167,463,18,23
5168,463,110,24
5169,463,132,13
5170,464,57,9
5171,464,168,45
5172,464,110,4
5173,464,203,49
5174,464,73,32
5175,464,143,44
5176,465,110,21
5177,465,120,46
5178,465,2,33
5179,465,200,42
5180,465,179,33
5181,465,188,45
5182,465,153,45
5183,465,202,42
5184,465,280,21
5185,465,231,18
5186,465,218,5
5187,466,133,24
5188,466,218,7
5189,466,263,25
5190,466,32,27
5191,466,107,44
5192,466,149,23
5193,466,252,37
5194,466,65,33
5195,467,177,45
5196,467,248,36
5197,467,279,21
5198,467,94,48
5199,467,83,10
5200,467,119,30
5201,467,154,47
5202,467,125,1
5203,467,149,20
5204,467,255,50
5205,467,165,9
5206,467,28,8
5207,467,105,33
5208,468,166,36
5209,468,210,15
5210,468,217,24
5211,468,3,22
5212,468,54,22
5213,468,33,33
5214,468,213,16
5215,468,116,29
5216,468,39,46
5217,468,233,20
5218,468,113,44
5219,468,278,23
5220,468,158,2
5221,468,26,17
5222,468,96,31
5223,468,274,6
5224,468,265,49
5225,468,29,10
5226,468,148,17
5227,468,188,44
5228,469,188,14
5229,469,10,16
5230,469,258,27
5231,469,38,46
5232,469,109,37
5233,469,217,24
5234,469,148,11
5235,470,81,3
5236,470,101,21
5237,470,124,15
5238,470,210,22
5239,470,182,12
5240,470,228,27
5241,470,11,45
5242,470,187,5
5243,470,102,18
5244,471,210,16
5245,471,155,29
5246,471,81,34
5247,472,11,7
5248,472,210,28
5249,472,118,34
5250,472,241,45
5251,472,65,40
5252,472,185,19
5253,472,23,28
5254,472,82,1
5255,472,107,45
5256,472,81,3
5257,472,187,33
5258,472,4,35
5259,473,120,23
5260,473,184,22
5261,473,116,1
5262,473,41,3
5263,473,84,9
5264,473,75,18
5265,473,179,26
5266,473,163,46
5267,473,278,30
5268,473,3,21
5269,473,81,47
5270,473,135,5
5271,473,35,34
5272,473,230,5
5273,473,162,3
5274,473,217,39
5275,473,258,49
5276,473,210,34
5277,474,152,23
5278,474,73,35
5279,474,43,4
5280,474,156,28
5281,474,106,2
5282,474,96,50
5283,474,196,25
5284,475,239,32
5285,475,195,42
5286,475,18,42
5287,475,96,4
5288,475,21,29
5289,475,129,1
5290,475,139,45
5291,475,167,5
5292,475,218,32
5293,475,249,2
5294,476,197,24
5295,476,237,21
5296,476,220,23
5297,476,32,44
5298,476,27,15
5299,476,96,33
5300,476,99,21
5301,476,256,20
5302,476,10,15
5303,477,88,37
5304,477,214,46
5305,477,96,14
5306,477,199,9
5307,477,280,26
5308,477,191,11
5309,477,118,26
5310,478,136,48
5311,478,8,37
5312,478,61,45
5313,478,190,47
5314,478,240,15
5315,478,14,40
5316,478,79,48
5317,478,226,4
5318,478,131,47
5319,478,192,21
5320,478,248,6
5321,479,233,28
5322,479,25,17
5323,479,156,6
5324,479,127,11
5325,479,136,14
5326,479,71,3
5327,479,20,26
5328,479,222,49
5329,479,265,10
5330,479,251,3
5331,479,276,40
5332,479,26,20
5333,479,160,25
5334,479,131,7
5335,479,130,41
5336,479,77,31
5337,479,161,41
5338,479,49,19
5339,479,179,15
5340,480,131,50
5341,480,28,18
5342,480,34,16
5343,480,196,46
5344,480,232,40
5345,480,50,33
5346,480,184,33
5347,481,132,43
5348,481,53,32
5349,481,61,18
5350,481,82,42
5351,481,233,8
5352,481,20,17
5353,481,276,10
5354,482,279,37
5355,482,230,29
5356,482,200,17
5357,482,204,43
5358,482,135,20
5359,482,34,22
5360,482,73,6
5361,482,40,3
5362,482,211,14
5363,482,219,25
5364,482,229,33
5365,482,19,2
5366,482,61,7
5367,482,45,35
5368,482,10,1
5369,482,44,5
5370,482,42,40
5371,483,18,28
5372,483,278,40
5373,483,176,16
5374,483,12,47
5375,483,8,34
5376,483,61,1
5377,483,36,13
5378,483,114,13
5379,483,78,17
5380,483,256,19
5381,483,155,42
5382,483,58,24
5383,483,41,7
5384,483,198,44
5385,483,132,43
5386,484,152,8
5387,484,33,40
5388,484,140,39
5389,484,8,38
5390,484,116,31
5391,484,188,33
5392,484,233,31
5393,484,141,12
5394,484,176,44
5395,484,82,40
5396,484,222,10
5397,484,129,36
5398,485,118,23
5399,485,197,22
5400,485,141,16
5401,485,208,10
5402,485,228,17
5403,485,162,29
5404,485,21,11
5405,485,168,30
5406,485,41,26
5407,485,240,47
5408,485,235,8
5409,486,196,5
5410,486,120,7
5411,486,141,6
5412,486,178,20
5413,486,102,25
5414,487,163,22
5415,487,87,11
5416,487,268,50
5417,487,109,39
5418,487,154,40
5419,487,26,1
5420,487,72,23
5421,487,114,2
5422,487,158,7
5423,487,218,5
5424,487,18,33
5425,487,217,49
5426,487,279,27
5427,487,91,44
5428,487,244,6
5429,487,159,39
5430,487,130,18
5431,487,247,21
5432,487,204,28
5433,488,221,36
5434,488,185,21
5435,488,217,31
5436,488,69,10
5437,488,24,9
5438,488,249,33
5439,488,136,22
5440,488,279,38
5441,488,119,20
5442,489,58,15
5443,489,217,45
5444,490,240,44
5445,490,1,30
5446,490,244,3
5447,490,17,26
5448,490,177,28
5449,490,140,18
5450,490,245,34
5451,490,131,26
5452,490,71,8
5453,490,239,37
5454,490,97,41
5455,490,272,43
5456,490,178,44
5457,490,251,15
5458,490,36,9
5459,490,37,23
5460,490,73,29
5461,491,97,2
5462,491,222,22
5463,491,73,48
5464,491,194,50
5465,491,247,33
5466,491,135,44
5467,491,71,5
5468,491,47,49
5469,491,157,25
5470,491,223,28
5471,491,143,50
5472,491,215,42
5473,491,256,20
5474,492,175,45
5475,492,210,10
5476,492,146,35
5477,492,266,24
5478,492,250,48
5479,492,29,45
5480,492,47,36
5481,492,255,18
5482,492,72,49
5483,492,115,6
5484,493,75,5
5485,493,183,28
5486,493,263,31
5487,493,104,30
5488,493,218,17
5489,493,117,20
5490,493,231,15
5491,493,217,3
5492,493,47,46
5493,493,16,39
5494,493,109,25
5495,493,171,16
5496,493,13,9
5497,493,81,46
5498,493,225,27
5499,493,32,14
5500,493,215,27
5501,494,23,9
5502,494,10,28
5503,494,181,32
5504,494,47,2
5505,494,8,22
5506,494,97,15
5507,494,15,33
5508,494,195,13
5509,494,70,50
5510,494,230,4
5511,494,6,45
5512,494,133,6
5513,494,19,25
5514,494,3,40
5515,494,138,29
5516,494,227,26
5517,494,116,41
5518,494,266,1
5519,495,138,19
5520,495,164,3
5521,495,89,7
5522,495,270,9
5523,495,47,33
5524,496,253,38
5525,496,181,39
5526,496,104,42
5527,496,131,27
5528,496,149,2
5529,496,138,41
5530,496,248,12
5531,496,114,47
5532,497,114,3
5533,497,96,14
5534,497,185,15
5535,497,4,33
5536,497,75,37
5537,497,253,21
5538,497,105,14
5539,498,94,43
5540,498,155,36
5541,498,65,7
5542,498,123,50
5543,499,229,1
5544,499,65,34
5545,499,70,31
5546,499,231,9
5547,499,183,43
5548,499,216,35
5549,499,86,20
5550,499,278,16
5551,499,199,2
5552,499,191,25
5553,499,58,34
5554,499,94,32
5555,499,158,4
5556,499,209,15
5557,499,45,29
5558,500,63,33
5559,500,94,25
5560,500,159,36
5561,500,65,2
5562,500,70,21
5563,500,206,30
5564,500,169,18
5565,500,116,44
5566,500,27,7
5567,500,124,37
5568,500,280,9
5569,500,80,9
5570,501,184,29
5571,501,39,14
5572,501,41,33
5573,501,275,11
5574,501,255,2
5575,501,34,1
5576,501,142,10
5577,501,129,17
5578,502,214,8
5579,502,145,16
5580,502,34,49
5581,502,57,38
5582,502,33,4
5583,502,122,3
5584,502,89,39
5585,502,165,13
5586,502,211,16
5587,502,218,36
5588,502,129,17
5589,503,136,16
5590,503,278,50
5591,503,87,35
5592,503,59,35
5593,503,133,45
5594,503,132,12
5595,503,102,28
5596,503,246,39
5597,503,262,7
5598,503,101,40
5599,503,111,41
5600,503,130,30
5601,503,92,3
5602,503,15,43
5603,503,192,4
5604,503,238,24
5605,503,230,5
5606,503,203,29
5607,503,206,19
5608,503,268,44
5609,504,176,25
5610,504,171,36
5611,504,8,38
5612,504,167,23
5613,504,99,3
5614,504,68,1
5615,504,73,28
5616,504,114,8
5617,504,203,32
5618,504,136,33
5619,504,237,49
5620,504,21,31
5621,504,234,45
5622,504,101,17
5623,504,53,24
5624,504,2,23
5625,504,31,46
5626,504,132,34
5627,505,132,27
5628,505,136,19
5629,505,203,1
5630,506,103,50
5631,506,100,43
5632,506,60,4
5633,506,3,47
5634,506,140,45
5635,506,194,49
5636,506,50,22
5637,506,10,42
5638,506,165,42
5639,506,207,16
5640,506,113,22
5641,506,187,48
5642,506,45,25
5643,506,1,24
5644,507,105,2
5645,507,113,47
5646,507,50,47
5647,507,267,13
5648,507,165,17
5649,507,78,43
5650,507,22,4
5651,508,165,8
5652,508,156,36
5653,508,85,49
5654,508,58,11
5655,508,50,10
5656,508,113,3
5657,509,220,25
5658,509,225,28
5659,509,113,49
5660,509,71,11
5661,509,5,2
5662,509,72,37
5663,509,65,9
5664,509,60,47
5665,509,215,28
5666,509,110,16
5667,509,90,31
5668,509,146,49
5669,509,92,6
5670,509,17,23
5671,509,28,29
5672,510,238,26
5673,510,89,43
5674,510,32,45
5675,510,215,46
5676,510,71,3
5677,511,215,20
5678,511,40,18
5679,511,79,6
5680,511,71,12
5681,512,41,12
5682,512,49,2
5683,512,34,26
5684,512,42,34
5685,512,255,29
5686,512,163,11
5687,512,231,23
5688,512,243,19
5689,512,225,1
5690,512,130,34
5691,512,97,35
5692,512,16,8
5693,512,61,40
5694,512,270,1
5695,512,98,1
5696,512,33,47
5697,512,138,13
5698,512,201,30
5699,512,211,7
5700,512,165,17
5701,513,98,35
5702,513,180,2
5703,513,201,42
5704,514,66,5
5705,514,236,38
5706,514,169,4
5707,514,199,34
5708,514,89,24
5709,514,162,21
5710,514,16,18
5711,514,78,7
5712,514,125,18
5713,514,150,5
5714,514,62,45
5715,514,149,47
5716,514,214,29
5717,514,157,1
5718,515,157,29
5719,515,149,43
5720,516,265,5
5721,516,10,36
5722,516,85,34
5723,516,155,10
5724,516,149,27
5725,516,157,41
5726,516,15,38
5727,516,173,12
5728,516,81,32
5729,516,18,14
5730,516,105,35
5731,516,13,41
5732,517,197,36
5733,517,105,36
5734,517,144,3
5735,517,56,41
5736,517,163,22
5737,517,209,30
5738,517,187,47
5739,517,149,25
5740,517,115,8
5741,517,231,2
5742,517,241,47
5743,517,164,36
5744,517,26,19
5745,517,157,24
5746,517,46,31
5747,518,43,4
5748,518,248,4
5749,518,42,14
5750,518,211,4
5751,518,225,29
5752,519,20,3
5753,519,211,30
5754,519,262,49
5755,519,104,19
5756,519,230,33
5757,520,211,27
5758,520,7,15
5759,520,101,36
5760,520,271,2
5761,520,193,19
5762,520,247,7
5763,520,54,21
5764,520,225,43
5765,520,126,18
5766,521,84,12
5767,521,270,44
5768,521,200,30
5769,521,250,22
5770,521,128,42
5771,521,8,39
5772,521,47,21
5773,521,192,5
5774,521,254,27
5775,521,67,14
5776,521,145,8
5777,521,78,35
5778,521,255,3
5779,521,2,47
5780,521,30,28
5781,521,204,12
5782,521,197,38
5783,521,198,22
5784,521,122,19
5785,521,108,42
5786,522,206,34
5787,522,143,7
5788,522,223,31
5789,522,198,41
5790,522,95,46
5791,522,280,28
5792,522,208,49
5793,522,55,29
5794,522,50,14
5795,523,236,16
5796,523,212,50
5797,523,20,6
5798,523,210,24
5799,523,113,14
5800,523,175,16
5801,523,61,16
5802,523,72,10
5803,523,270,49
5804,523,139,11
5805,523,122,39
5806,523,16,14
5807,523,39,32
5808,523,198,27
5809,523,239,30
5810,523,83,1
5811,523,50,40
5812,524,160,2
5813,524,262,29
5814,524,83,10
5815,524,198,20
5816,524,107,15
5817,524,206,1
5818,524,64,23
5819,524,54,43
5820,524,19,43
5821,525,6,5
5822,525,133,46
5823,525,124,13
5824,525,238,42
5825,525,107,25
5826,525,46,18
5827,525,143,22
5828,525,42,45
5829,525,1,25
5830,525,240,48
5831,525,127,20
5832,525,161,47
5833,525,89,7
5834,525,206,10
5835,525,69,37
5836,526,188,24
5837,526,26,24
5838,526,270,13
5839,526,124,8
5840,526,127,18
5841,526,24,21
5842,526,6,13
5843,526,158,3
5844,526,196,42
5845,526,85,48
5846,526,241,27
5847,526,176,1
5848,526,43,3
5849,526,195,21
5850,527,10,3
5851,527,111,13
5852,527,103,50
5853,527,79,4
5854,527,182,7
5855,527,124,31
5856,527,6,21
5857,527,127,16
5858,527,23,11
5859,528,48,32
5860,528,186,43
5861,528,111,12
5862,529,111,18
5863,529,36,1
5864,529,29,31
5865,529,209,19
5866,529,158,39
5867,529,16,19
5868,529,106,11
5869,529,258,16
5870,529,168,45
5871,530,245,1
5872,530,232,1
5873,530,278,50
5874,530,58,44
5875,530,119,45
5876,530,242,28
5877,531,174,29
5878,531,166,9
5879,531,232,6
5880,531,152,44
5881,531,173,12
5882,531,244,7
5883,531,167,50
5884,531,240,13
5885,531,230,26
5886,531,142,40
5887,531,74,32
5888,532,247,41
5889,532,219,39
5890,532,95,35
5891,532,232,19
5892,532,221,48
5893,532,209,11
5894,532,134,34
5895,532,163,33
5896,532,10,46
5897,532,249,13
5898,532,235,7
5899,533,219,16
5900,533,240,42
5901,533,204,7
5902,533,11,35
5903,533,160,26
5904,533,10,5
5905,533,244,40
5906,533,247,4
5907,533,6,13
5908,533,3,11
5909,533,151,8
5910,533,84,44
5911,533,100,2
5912,533,88,42
5913,533,38,9
5914,533,277,23
5915,533,139,18
5916,533,242,32
5917,533,12,32
5918,533,197,48
5919,534,254,3
5920,534,175,31
5921,534,87,19
5922,534,145,39
5923,534,252,50
5924,534,138,42
5925,534,226,22
5926,534,210,1
5927,534,206,10
5928,534,58,31
5929,534,17,38
5930,534,110,21
5931,534,239,5
5932,534,139,34
5933,534,21,40
5934,534,159,13
5935,535,16,4
5936,535,198,31
5937,535,245,45
5938,535,239,42
5939,535,183,14
5940,535,158,10
5941,535,254,30
5942,535,162,9
5943,535,115,28
5944,535,149,30
5945,535,42,26
5946,535,249,36
5947,535,98,42
5948,535,1,38
5949,535,72,24
5950,535,242,1
5951,535,175,48
5952,536,254,17
5953,536,186,38
5954,536,87,29
5955,536,11,15
5956,536,258,12
5957,536,109,39
5958,536,239,19
5959,536,4,13
5960,536,76,3
5961,537,16,1
5962,537,274,32
5963,537,239,31
5964,537,278,47
5965,537,92,7
5966,537,150,20
5967,537,118,15
5968,537,77,44
5969,537,254,48
5970,538,120,10
5971,538,155,49
5972,538,142,37
5973,538,248,23
5974,538,24,15
5975,538,169,40
5976,538,167,38
5977,538,263,7
5978,538,20,21
5979,538,77,17
5980,539,46,8
5981,539,6,35
5982,539,216,44
5983,539,124,24
5984,539,1,28
5985,539,24,10
5986,539,7,50
5987,539,182,6
5988,539,97,7
5989,539,171,44
5990,539,200,9
5991,539,248,12
5992,540,260,26
5993,540,64,6
5994,540,166,43
5995,540,144,16
5996,540,146,37
5997,540,23,34
5998,540,148,23
5999,540,70,50
6000,540,98,47
6001,540,108,26
6002,541,176,5
6003,541,166,24
6004,541,97,16
6005,541,179,5
6006,541,247,9
6007,542,101,50
6008,542,166,39
6009,542,230,20
6010,542,66,25
6011,542,198,28
6012,543,25,5
6013,543,157,13
6014,543,61,19
6015,543,238,9
6016,543,15,16
6017,543,137,36
6018,543,213,39
6019,543,41,35
6020,543,8,30
6021,544,59,27
6022,544,276,44
6023,544,264,41
6024,544,90,24
6025,544,13,46
6026,544,84,42
6027,544,157,30
6028,544,175,12
6029,544,20,7
6030,544,63,6
6031,545,276,45
6032,545,130,36
6033,545,6,7
6034,545,110,4
6035,545,62,29
6036,545,205,18
6037,545,12,3
6038,546,164,4
6039,546,266,12
6040,546,239,19
6041,546,140,36
6042,546,279,21
6043,546,6,6
6044,546,62,46
6045,546,276,10
6046,546,255,50
6047,546,162,37
6048,546,64,46
6049,547,105,45
6050,547,62,8
6051,547,6,6
6052,547,264,33
6053,547,276,18
6054,547,16,39
6055,547,251,36
6056,547,158,29
6057,547,253,38
6058,547,160,25
6059,547,90,30
6060,547,23,37
6061,547,47,3
6062,548,62,3
6063,548,276,12
6064,548,15,46
6065,548,6,41
6066,549,252,24
6067,549,245,15
6068,549,111,41
6069,549,138,20
6070,549,222,46
6071,549,232,21
6072,549,80,5
6073,549,139,22
6074,549,96,37
6075,550,145,17
6076,550,234,40
6077,550,218,25
6078,550,88,13
6079,550,245,30
6080,550,138,16
6081,550,171,16
6082,550,96,24
6083,550,152,11
6084,550,139,2
6085,551,235,49
6086,551,183,18
6087,551,52,23
6088,551,202,21
6089,551,208,35
6090,551,163,48
6091,551,20,12
6092,551,212,40
6093,551,162,42
6094,551,116,6
6095,551,193,2
6096,551,97,12
6097,551,142,43
6098,551,19,24
6099,552,255,46
6100,552,22,8
6101,552,224,43
6102,552,116,37
6103,552,101,9
6104,552,66,21
6105,553,36,21
6106,553,153,7
6107,553,267,47
6108,553,272,15
6109,553,264,45
6110,553,179,11
6111,553,60,19
6112,553,123,45
6113,553,260,24
6114,553,211,5
6115,553,212,36
6116,553,244,15
6117,553,180,22
6118,553,248,48
6119,553,215,43
6120,553,83,33
6121,553,7,8
6122,554,164,12
6123,554,115,17
6124,554,264,6
6125,554,83,17
6126,554,84,23
6127,554,107,41
6128,554,186,39
6129,554,153,30
6130,554,47,13
6131,554,219,48
6132,554,197,20
6133,555,227,17
6134,555,153,40
6135,555,83,43
6136,555,70,5
6137,555,158,19
6138,555,92,34
6139,555,9,17
6140,556,129,19
6141,556,185,15
6142,556,278,20
6143,556,144,8
6144,556,52,7
6145,556,60,43
6146,556,180,22
6147,556,222,50
6148,556,216,30
6149,556,100,40
6150,556,141,38
6151,556,193,27
6152,556,240,34
6153,556,107,1
6154,556,169,31
6155,556,49,41
6156,556,168,45
6157,556,174,24
6158,556,242,50
6159,557,242,46
6160,557,169,22
6161,557,56,3
6162,558,75,2
6163,558,114,18
6164,558,177,15
6165,558,53,33
6166,558,246,7
6167,558,200,29
6168,558,252,45
6169,558,229,29
6170,558,236,39
6171,558,127,15
6172,558,184,42
6173,558,56,5
6174,558,144,44
6175,558,231,28
6176,558,132,42
6177,558,48,20
6178,558,271,17
6179,558,237,49
6180,558,131,49
6181,558,64,6
6182,559,127,47
6183,559,90,49
6184,559,244,48
6185,559,228,40
6186,559,123,30
6187,559,174,21
6188,559,210,38
6189,559,104,48
6190,559,261,37
6191,559,112,13
6192,559,80,11
6193,559,56,43
6194,559,187,9
6195,559,142,13
6196,559,220,18
6197,559,42,38
6198,559,63,23
6199,560,219,38
6200,560,150,26
6201,560,125,11
6202,560,109,42
6203,560,243,37
6204,560,242,38
6205,560,169,47
6206,560,258,14
6207,560,137,12
6208,560,127,48
6209,560,56,33
6210,560,134,8
6211,560,44,46
6212,560,11,12
6213,560,206,5
6214,560,238,14
6215,561,107,39
6216,561,124,40
6217,561,234,2
6218,561,228,19
6219,561,264,5
6220,561,56,26
6221,561,21,23
6222,561,178,35
6223,561,127,4
6224,561,274,19
6225,561,73,26
6226,561,211,21
6227,561,133,28
6228,561,38,40
6229,561,229,24
6230,561,239,3
6231,562,172,10
6232,562,126,38
6233,562,201,8
6234,562,6,40
6235,562,243,40
6236,562,108,9
6237,562,220,33
6238,562,62,34
6239,562,256,16
6240,562,20,23
6241,562,134,18
6242,562,109,21
6243,563,220,1
6244,563,126,50
6245,563,84,35
6246,563,243,30
6247,563,208,35
6248,563,187,24
6249,563,100,15
6250,563,111,14
6251,564,239,19
6252,564,44,36
6253,564,52,12
6254,564,220,28
6255,564,238,34
6256,564,270,36
6257,564,192,23
6258,564,126,5
6259,565,252,50
6260,565,10,3
6261,565,38,8
6262,565,175,38
6263,565,67,31
6264,565,51,46
6265,565,203,27
6266,565,87,5
6267,565,131,17
6268,565,86,29
6269,565,205,31
6270,565,280,37
6271,565,257,19
6272,565,242,41
6273,565,77,1
6274,565,133,2
6275,565,14,9
6276,565,74,50
6277,566,242,2
6278,566,113,9
6279,566,84,32
6280,566,258,47
6281,566,230,39
6282,566,96,13
6283,566,70,36
6284,566,133,41
6285,566,141,28
6286,566,77,5
6287,566,20,11
6288,566,192,14
6289,566,62,30
6290,566,139,47
6291,566,236,9
6292,566,136,45
6293,567,30,9
6294,567,203,11
6295,567,37,3
6296,567,186,44
6297,567,228,23
6298,567,133,16
6299,567,138,16
6300,567,96,12
6301,568,179,15
6302,568,30,16
6303,568,76,21
6304,568,98,23
6305,568,200,27
6306,568,157,44
6307,568,263,44
6308,568,240,3
6309,568,175,44
6310,568,273,27
6311,568,32,13
6312,569,64,13
6313,569,81,16
6314,569,240,42
6315,569,52,47
6316,569,136,22
6317,569,12,30
6318,569,270,39
6319,570,3,39
6320,570,236,42
6321,570,60,38
6322,570,145,5
6323,570,269,19
6324,570,105,8
6325,570,279,5
6326,570,9,28
6327,570,86,20
6328,570,220,9
6329,570,99,27
6330,571,18,37
6331,571,82,36
6332,571,192,11
6333,571,236,48
6334,571,199,35
6335,571,220,37
6336,572,12,8
6337,572,280,30
6338,572,236,22
6339,572,15,40
6340,572,226,21
6341,572,261,23
6342,572,223,3
6343,572,55,22
6344,572,114,33
6345,572,76,12
6346,572,8,40
6347,572,196,27
6348,572,166,28
6349,572,258,30
6350,572,122,21
6351,572,155,22
6352,572,201,32
6353,572,237,47
6354,573,221,15
6355,573,246,10
6356,573,236,9
6357,573,108,1
6358,573,216,25
6359,574,201,17
6360,574,237,24
6361,574,38,48
6362,574,215,12
6363,574,265,23
6364,574,182,26
6365,574,151,23
6366,574,109,21
6367,574,176,1
6368,574,218,43
6369,574,260,13
6370,574,46,44
6371,574,234,7
6372,574,128,23
6373,574,158,3
6374,575,163,25
6375,575,279,25
6376,575,158,49
6377,575,245,41
6378,575,226,27
6379,575,269,36
6380,575,88,35
6381,575,31,46
6382,576,59,46
6383,576,120,29
6384,576,124,18
6385,576,7,22
6386,576,71,6
6387,576,2,30
6388,576,165,32
6389,576,108,33
6390,576,106,13
6391,576,72,34
6392,576,278,46
6393,576,148,18
6394,576,25,19
6395,576,166,30
6396,576,119,48
6397,576,103,8
6398,576,136,21
6399,576,180,43
6400,577,269,8
6401,577,108,16
6402,577,124,1
6403,577,265,34
6404,577,21,46
6405,577,154,32
6406,577,214,8
6407,577,15,8
6408,578,131,50
6409,578,143,31
6410,578,252,21
6411,578,178,33
6412,578,50,27
6413,578,40,15
6414,578,133,44
6415,579,254,16
6416,579,136,36
6417,579,137,23
6418,579,185,4
6419,579,73,29
6420,579,191,21
6421,579,249,15
6422,579,50,14
6423,579,234,1
6424,579,76,11
6425,579,258,50
6426,579,35,24
6427,580,207,15
6428,580,228,1
6429,580,44,11
6430,580,163,17
6431,580,277,28
6432,580,50,17
6433,580,98,33
6434,580,111,12
6435,580,77,6
6436,580,127,15
6437,580,96,15
6438,580,112,37
6439,580,121,31
6440,581,31,27
6441,581,163,22
6442,581,229,28
6443,581,223,13
6444,581,153,7
6445,581,102,4
6446,581,220,48
6447,581,221,44
6448,581,59,16
6449,581,217,9
6450,581,13,17
6451,581,150,10
6452,581,78,10
6453,581,261,5
6454,581,138,50
6455,581,113,27
6456,581,109,27
6457,581,231,41
6458,581,202,8
6459,581,172,35
6460,582,55,32
6461,582,249,4
6462,582,102,19
6463,582,194,46
6464,582,230,35
6465,582,113,35
6466,582,18,36
6467,582,244,25
6468,582,236,47
6469,582,35,31
6470,582,199,16
6471,582,88,8
6472,582,98,13
6473,583,226,34
6474,583,60,3
6475,583,113,8
6476,583,90,49
6477,583,265,5
6478,583,257,13
6479,583,21,31
6480,583,153,18
6481,583,168,20
6482,583,164,6
6483,583,63,29
6484,583,221,6
6485,583,223,3
6486,583,17,37
6487,583,25,34
6488,584,69,16
6489,584,80,4
6490,584,228,23
6491,584,49,49
6492,584,156,10
6493,584,165,29
6494,584,8,35
6495,584,153,26
6496,584,159,24
6497,584,207,20
6498,584,111,46
6499,584,140,23
6500,584,2,34
6501,585,143,39
6502,585,7,1
6503,585,99,37
6504,585,276,32
6505,585,80,13
6506,585,64,49
6507,585,17,8
6508,585,11,4
6509,585,212,42
6510,585,271,35
6511,585,250,3
6512,585,1,30
6513,586,33,44
6514,586,80,3
6515,586,154,45
6516,586,37,22
6517,587,18,39
6518,587,239,6
6519,587,117,7
6520,587,96,36
6521,587,260,15
6522,587,87,30
6523,587,261,34
6524,587,3,44
6525,587,234,33
6526,587,64,35
6527,587,227,36
6528,587,243,8
6529,587,146,23
6530,587,107,15
6531,587,155,44
6532,587,199,4
6533,587,247,9
6534,588,255,28
6535,588,258,32
6536,588,239,18
6537,588,113,46
6538,588,18,33
6539,588,93,12
6540,588,254,10
6541,588,259,3
6542,588,70,28
6543,588,26,42
6544,588,124,20
6545,588,23,12
6546,588,198,44
6547,589,26,13
6548,589,164,34
6549,589,70,39
6550,589,21,13
6551,590,233,21
6552,590,83,48
6553,590,26,8
6554,590,244,6
6555,590,154,47
6556,591,174,41
6557,591,200,34
6558,591,147,19
6559,591,152,49
6560,591,36,11
6561,591,72,26
6562,591,37,43
6563,591,143,19
6564,591,137,16
6565,591,22,44
6566,592,117,3
6567,592,22,37
6568,592,275,14
6569,592,195,35
6570,592,237,1
6571,592,252,30
6572,592,155,48
6573,592,140,18
6574,593,128,39
6575,593,224,6
6576,593,21,6
6577,593,228,44
6578,593,56,35
6579,593,121,14
6580,593,22,6
6581,593,225,39
6582,593,248,30
6583,594,111,49
6584,594,85,35
6585,594,133,10
6586,594,49,38
6587,594,201,2
6588,594,139,7
6589,594,207,21
6590,594,157,6
6591,594,241,34
6592,594,127,12
6593,594,22,48
6594,594,184,46
6595,594,267,19
6596,594,144,26
6597,595,254,34
6598,595,64,35
6599,595,89,49
6600,595,238,27
6601,596,254,10
6602,596,64,15
6603,596,89,34
6604,597,65,40
6605,597,219,39
6606,597,121,16
6607,597,233,50
6608,597,271,38
6609,597,152,43
6610,597,90,7
6611,597,161,25
6612,597,91,48
6613,597,197,13
6614,597,22,18
6615,597,144,10
6616,597,33,33
6617,597,57,30
6618,597,212,29
6619,597,149,7
6620,597,78,27
6621,597,155,1
6622,597,246,6
6623,598,239,2
6624,598,7,29
6625,598,152,42
6626,598,218,31
6627,598,93,49
6628,598,121,15
6629,598,179,48
6630,598,193,2
6631,598,12,34
6632,598,183,44
6633,598,241,39
6634,598,82,21
6635,598,224,2
6636,598,22,7
6637,599,95,19
6638,599,195,41
6639,600,124,41
6640,600,115,21
6641,600,203,42
6642,600,122,20
6643,600,179,27
6644,600,185,29
6645,600,120,6
6646,600,98,28
6647,600,41,40
6648,600,95,34
6649,601,130,36
6650,601,249,45
6651,601,151,3
6652,601,59,16
6653,601,271,3
6654,601,192,49
6655,601,246,48
6656,601,76,47
6657,601,23,10
6658,601,211,46
6659,601,148,34
6660,601,190,3
6661,601,255,14
6662,601,22,34
6663,601,248,3
6664,601,243,4
6665,601,80,26
6666,601,49,37
6667,601,132,35
6668,601,260,22
6669,602,205,8
6670,602,211,6
6671,602,17,25
6672,602,83,7
6673,602,13,21
6674,603,200,35
6675,603,239,41
6676,603,211,38
6677,603,185,10
6678,603,5,47
6679,603,35,14
6680,603,157,12
6681,603,204,29
6682,603,15,4
6683,603,74,31
6684,603,165,48
6685,603,118,41
6686,603,123,32
6687,603,207,6
6688,603,71,8
6689,604,85,46
6690,604,211,47
6691,605,117,6
6692,605,173,42
6693,605,81,25
6694,605,187,2
6695,605,231,35
6696,605,201,15
6697,605,77,39
6698,605,57,13
6699,605,118,18
6700,605,101,36
6701,605,205,17
6702,605,280,17
6703,605,133,17
6704,605,186,28
6705,605,96,9
6706,605,42,28
6707,605,37,28
6708,605,214,27
6709,605,123,27
6710,606,205,23
6711,606,228,1
6712,606,177,43
6713,606,254,39
6714,606,61,26
6715,606,214,45
6716,606,38,26
6717,606,252,41
6718,606,179,26
6719,606,35,15
6720,606,186,49
6721,606,219,37
6722,606,276,7
6723,606,109,7
6724,607,129,25
6725,607,205,12
6726,607,186,20
6727,607,214,44
6728,607,213,21
6729,608,205,6
6730,608,109,46
6731,608,1,35
6732,608,214,43
6733,608,248,26
6734,608,186,2
6735,608,46,48
6736,608,256,45
6737,608,254,14
6738,609,258,43
6739,609,244,15
6740,609,197,41
6741,609,59,1
6742,609,130,25
6743,609,91,35
6744,609,211,40
6745,610,244,33
6746,610,134,46
6747,610,130,38
6748,610,141,32
6749,610,145,19
6750,610,258,2
6751,610,9,36
6752,610,97,41
6753,610,173,48
6754,610,168,38
6755,610,211,5
6756,611,191,25
6757,611,174,14
6758,611,216,23
6759,611,162,42
6760,611,145,32
6761,611,130,46
6762,611,30,12
6763,611,44,18
6764,611,56,20
6765,611,71,17
6766,611,266,19
6767,611,100,24
6768,611,78,45
6769,611,258,32
6770,611,224,21
6771,611,244,49
6772,612,248,30
6773,612,245,31
6774,612,235,38
6775,612,57,7
6776,612,130,6
6777,612,81,45
6778,612,258,19
6779,612,232,14
6780,612,192,44
6781,612,244,37
6782,612,270,39
6783,612,275,30
6784,612,7,20
6785,613,93,6
6786,613,202,44
6787,613,105,24
6788,613,21,26
6789,613,27,45
6790,613,48,20
6791,613,64,20
6792,613,99,35
6793,613,35,27
6794,613,151,4
6795,613,234,48
6796,613,124,10
6797,613,147,41
6798,613,111,24
6799,613,70,16
6800,613,186,16
6801,613,96,25
6802,613,248,20
6803,613,40,34
6804,613,261,17
6805,614,118,37
6806,614,244,7
6807,614,64,6
6808,614,242,3
6809,614,280,30
6810,614,275,25
6811,614,63,38
6812,614,111,13
6813,614,87,25
6814,614,22,37
6815,614,224,16
6816,614,266,44
6817,614,56,32
6818,615,101,44
6819,615,111,10
6820,615,74,1
6821,615,236,10
6822,615,57,4
6823,615,221,13
6824,615,168,46
6825,615,257,15
6826,615,177,31
6827,615,124,9
6828,615,75,27
6829,615,240,16
6830,615,230,46
6831,615,58,39
6832,615,64,22
6833,615,81,17
6834,615,204,40
6835,615,246,22
6836,616,110,26
6837,616,276,18
6838,616,7,31
6839,616,269,45
6840,616,260,36
6841,616,111,7
6842,616,261,9
6843,616,146,44
6844,616,208,25
6845,616,220,43
6846,616,169,3
6847,616,40,33
6848,616,64,13
6849,616,255,42
6850,616,278,17
6851,617,188,15
6852,617,122,22
6853,618,217,17
6854,618,269,34
6855,618,221,4
6856,618,214,32
6857,618,188,48
6858,618,69,25
6859,618,27,18
6860,618,68,49
6861,618,222,35
6862,619,58,3
6863,619,15,7
6864,619,136,17
6865,619,275,14
6866,619,227,35
6867,619,205,47
6868,619,36,39
6869,619,209,49
6870,620,144,16
6871,620,209,27
6872,620,49,33
6873,620,93,38
6874,620,37,40
6875,620,46,30
6876,620,63,36
6877,620,36,50
6878,621,219,45
6879,621,249,43
6880,621,32,42
6881,621,209,32
6882,621,36,16
6883,622,232,32
6884,622,209,33
6885,622,36,6
6886,622,142,40
6887,622,267,46
6888,622,87,15
6889,623,213,8
6890,623,111,46
6891,623,226,20
6892,623,77,1
6893,623,246,47
6894,623,177,24
6895,623,223,44
6896,623,211,10
6897,623,148,36
6898,623,197,45
6899,623,248,15
6900,623,225,22
6901,624,29,30
6902,624,263,22
6903,624,223,7
6904,624,111,36
6905,624,270,31
6906,624,147,17
6907,624,246,16
6908,625,1,45
6909,625,223,14
6910,625,97,21
6911,625,246,16
6912,625,199,5
6913,625,90,37
6914,625,261,29
6915,625,111,46
6916,625,14,18
6917,625,8,16
6918,625,80,40
6919,625,169,20
6920,625,256,50
6921,626,111,23
6922,626,246,18
6923,626,16,2
6924,626,54,33
6925,626,173,8
6926,626,123,24
6927,626,223,24
6928,626,112,35
6929,627,277,24
6930,627,52,19
6931,627,265,37
6932,627,68,15
6933,627,43,28
6934,627,188,12
6935,627,275,4
6936,627,216,37
6937,627,22,50
6938,628,253,27
6939,628,210,31
6940,628,276,10
6941,628,216,17
6942,628,20,11
6943,628,229,18
6944,628,161,36
6945,628,66,39
6946,629,27,23
6947,629,216,7
6948,629,18,18
6949,629,6,20
6950,629,182,15
6951,629,126,35
6952,629,186,35
6953,629,169,11
6954,629,101,6
6955,629,177,14
6956,629,118,38
6957,629,217,4
6958,629,26,15
6959,629,104,48
6960,630,216,37
6961,630,72,2
6962,631,241,40
6963,631,107,33
6964,631,114,11
6965,631,69,49
6966,631,138,1
6967,631,59,1
6968,631,177,31
6969,631,172,50
6970,631,113,24
6971,631,19,31
6972,631,237,2
6973,631,38,44
6974,631,221,23
6975,631,195,45
6976,631,81,26
6977,631,5,17
6978,631,206,44
6979,631,126,36
6980,631,271,17
6981,632,69,22
6982,632,277,2
6983,632,59,8
6984,632,185,33
6985,633,152,47
6986,633,20,2
6987,633,210,3
6988,633,62,20
6989,633,86,38
6990,633,239,29
6991,633,63,23
6992,633,39,10
6993,633,26,26
6994,633,246,40
6995,633,89,50
6996,633,75,30
6997,633,87,19
6998,633,195,15
6999,633,182,40
7000,633,271,33
7001,634,140,4
7002,634,120,37
7003,634,62,38
7004,634,89,30
7005,635,269,36
7006,635,202,42
7007,635,235,35
7008,635,65,36
7009,635,62,15
7010,635,124,20
7011,635,253,18
7012,635,89,11
7013,635,63,33
7014,635,212,16
7015,635,218,7
7016,635,249,24
7017,635,108,27
7018,635,115,13
7019,636,230,13
7020,636,111,15
7021,636,236,14
7022,636,239,46
7023,636,21,12
7024,636,192,22
7025,636,277,11
7026,636,202,6
7027,636,83,34
7028,637,239,34
7029,637,6,28
7030,637,121,19
7031,637,88,48
7032,637,85,48
7033,637,234,31
7034,637,83,34
7035,637,205,4
7036,637,192,4
7037,637,229,2
7038,637,2,6
7039,637,202,48
7040,637,14,36
7041,637,10,38
7042,637,112,43
7043,637,233,3
7044,637,221,8
7045,637,126,29
7046,637,242,35
7047,638,239,21
7048,638,186,44
7049,638,202,29
7050,638,277,13
7051,638,69,39
7052,638,7,13
7053,638,83,4
7054,639,277,49
7055,639,104,48
7056,639,201,41
7057,639,190,44
7058,639,262,16
7059,639,51,12
7060,639,150,29
7061,639,83,5
7062,639,30,47
7063,639,9,5
7064,639,237,18
7065,639,239,7
7066,639,202,5
7067,639,72,9
7068,639,176,7
7069,640,143,44
7070,640,9,4
7071,640,76,9
7072,640,191,29
7073,640,129,36
7074,640,190,35
7075,640,227,16
7076,640,271,14
7077,640,216,44
7078,640,86,14
7079,640,7,48
7080,640,182,35
7081,640,242,20
7082,640,258,46
7083,641,135,47
7084,641,164,17
7085,641,201,43
7086,641,246,30
7087,641,33,23
7088,641,206,39
7089,641,178,30
7090,641,248,48
7091,641,239,31
7092,641,143,31
7093,641,180,33
7094,641,271,10
7095,641,32,39
7096,641,170,13
7097,641,161,48
7098,641,3,49
7099,641,98,44
7100,641,119,40
7101,641,79,3
7102,642,125,40
7103,642,77,12
7104,642,30,24
7105,642,126,12
7106,643,218,36
7107,643,163,46
7108,643,83,50
7109,643,140,20
7110,643,153,33
7111,643,230,2
7112,643,126,10
7113,643,161,22
7114,643,35,23
7115,643,34,28
7116,644,243,1
7117,644,126,11
7118,644,189,22
7119,645,35,20
7120,645,64,20
7121,645,41,4
7122,645,126,7
7123,645,191,37
7124,645,88,5
7125,645,166,35
7126,645,110,41
7127,645,215,41
7128,645,218,27
7129,645,131,17
7130,646,13,44
7131,646,51,39
7132,646,158,7
7133,646,275,33
7134,646,76,19
7135,647,33,6
7136,647,144,29
7137,647,275,45
7138,647,146,34
7139,647,76,9
7140,647,220,40
7141,647,259,45
7142,647,51,43
7143,648,1,28
7144,648,157,21
7145,648,275,40
7146,648,51,4
7147,648,81,27
7148,648,139,24
7149,648,116,38
7150,648,135,7
7151,648,48,20
7152,648,206,11
7153,648,32,22
7154,648,263,44
7155,648,146,43
7156,648,191,6
7157,648,279,18
7158,648,184,21
7159,648,76,5
7160,648,83,8
7161,649,249,31
7162,649,65,17
7163,649,76,35
7164,649,275,49
7165,649,51,46
7166,649,42,26
7167,649,50,46
7168,650,181,37
7169,650,37,35
7170,650,61,1
7171,650,85,35
7172,650,66,46
7173,650,137,43
7174,650,211,41
7175,650,168,36
7176,650,26,17
7177,650,121,4
7178,650,131,25
7179,650,95,21
7180,650,161,22
7181,650,110,13
7182,650,242,24
7183,650,143,17
7184,650,197,14
7185,650,146,23
7186,650,167,37
7187,650,210,29
7188,651,176,45
7189,651,207,24
7190,651,183,28
7191,651,261,38
7192,651,95,33
7193,651,161,31
7194,651,4,23
7195,651,64,44
7196,651,111,42
7197,651,105,48
7198,651,34,39
7199,651,215,6
7200,651,265,14
7201,651,232,9
7202,652,95,36
7203,652,194,31
7204,652,68,30
7205,652,161,49
7206,652,40,26
7207,652,92,14
7208,652,65,44
7209,652,3,27
7210,652,63,7
7211,652,113,19
7212,652,122,6
7213,653,119,15
7214,653,7,8
7215,653,192,19
7216,653,37,19
7217,653,166,43
7218,653,130,8
7219,654,1,50
7220,654,37,35
7221,655,186,8
7222,655,76,28
7223,655,221,10
7224,655,37,29
7225,655,66,30
7226,655,59,13
7227,656,273,15
7228,656,56,9
7229,656,37,7
7230,656,164,37
7231,657,48,36
7232,657,183,40
7233,657,144,8
7234,657,172,27
7235,657,263,39
7236,657,120,13
7237,657,118,48
7238,657,148,8
7239,657,223,11
7240,657,112,29
7241,657,168,21
7242,657,61,15
7243,657,278,9
7244,657,8,48
7245,657,228,49
7246,658,112,23
7247,658,50,13
7248,658,219,6
7249,658,233,41
7250,658,111,20
7251,658,142,2
7252,658,178,29
7253,658,90,16
7254,658,148,2
7255,658,106,38
7256,658,5,1
7257,658,131,34
7258,658,237,50
7259,658,95,3
7260,658,160,40
7261,658,212,25
7262,658,257,48
7263,658,220,12
7264,658,149,36
7265,658,63,10
7266,659,7,18
7267,659,246,49
7268,659,234,17
7269,659,228,37
7270,659,248,43
7271,659,89,42
7272,659,111,7
7273,660,73,36
7274,660,234,4
7275,660,96,45
7276,660,111,31
7277,660,235,17
7278,660,194,2
7279,660,151,16
7280,660,7,17
7281,660,5,34
7282,660,215,35
7283,660,191,45
7284,660,197,22
7285,660,135,46
7286,660,157,44
7287,661,234,42
7288,661,239,23
7289,661,134,38
7290,661,7,35
7291,661,86,22
7292,661,112,35
7293,661,33,19
7294,661,124,48
7295,661,175,30
7296,661,111,30
7297,661,40,26
7298,661,14,3
7299,661,238,20
7300,661,70,12
7301,661,277,15
7302,662,269,24
7303,662,144,3
7304,662,106,46
7305,662,190,16
7306,662,28,9
7307,662,55,28
7308,662,118,48
7309,662,148,13
7310,663,64,35
7311,663,179,46
7312,663,55,28
7313,663,262,37
7314,663,173,41
7315,663,82,4
7316,663,206,36
7317,663,114,15
7318,663,187,32
7319,663,21,26
7320,663,104,42
7321,663,219,50
7322,663,105,24
7323,663,234,33
7324,664,27,44
7325,664,196,5
7326,664,72,34
7327,664,162,48
7328,664,103,28
7329,664,260,31
7330,664,112,39
7331,664,262,16
7332,664,214,43
7333,664,88,40
7334,664,119,47
7335,664,48,27
7336,664,192,12
7337,665,260,18
7338,665,233,20
7339,665,196,23
7340,666,93,42
7341,666,178,6
7342,666,165,37
7343,666,98,47
7344,667,245,2
7345,667,122,21
7346,667,74,42
7347,667,39,31
7348,667,186,15
7349,667,216,34
7350,667,93,30
7351,667,98,21
7352,668,53,45
7353,668,276,26
7354,668,71,13
7355,668,200,12
7356,668,14,33
7357,668,91,8
7358,668,194,41
7359,668,47,45
7360,668,238,33
7361,668,260,1
7362,668,98,48
7363,668,119,45
7364,668,93,42
7365,668,198,32
7366,668,56,25
7367,668,223,19
7368,668,144,30
7369,668,134,41
7370,669,87,2
7371,669,90,10
7372,669,93,8
7373,669,4,35
7374,669,135,42
7375,669,98,40
7376,669,177,26
7377,669,22,36
7378,669,32,20
7379,669,128,38
7380,669,112,46
7381,669,263,32
7382,669,252,36
7383,669,193,19
7384,669,280,44
7385,670,127,21
7386,670,143,27
7387,670,272,14
7388,670,37,43
7389,670,121,44
7390,670,205,45
7391,670,120,9
7392,670,254,34
7393,670,49,28
7394,670,54,29
7395,670,224,49
7396,670,137,49
7397,670,212,11
7398,670,202,8
7399,670,199,23
7400,670,83,26
7401,670,7,9
7402,671,180,14
7403,671,216,29
7404,671,224,47
7405,671,66,28
7406,671,217,23
7407,671,50,23
7408,671,212,35
7409,671,27,49
7410,671,163,46
7411,671,7,16
7412,671,113,10
7413,671,48,49
7414,672,131,44
7415,672,51,2
7416,672,53,7
7417,672,279,35
7418,672,58,18
7419,672,201,12
7420,672,199,40
7421,672,96,19
7422,672,3,37
7423,672,78,42
7424,672,182,7
7425,672,185,42
7426,672,234,15
7427,672,1,42
7428,672,163,34
7429,672,11,37
7430,672,72,10
7431,672,178,19
7432,672,266,31
7433,673,86,45
7434,673,75,15
7435,673,52,38
7436,673,99,20
7437,673,35,38
7438,673,159,3
7439,673,157,50
7440,673,131,22
7441,673,133,18
7442,673,122,36
7443,673,58,25
7444,673,118,37
7445,673,51,13
7446,673,239,4
7447,673,188,38
7448,673,111,37
7449,674,246,15
7450,674,59,31
7451,674,262,8
7452,674,117,12
7453,674,62,48
7454,674,50,31
7455,674,51,25
7456,674,131,40
7457,674,58,15
7458,675,45,47
7459,675,138,11
7460,675,88,38
7461,675,60,9
7462,675,140,4
7463,675,248,18
7464,675,79,12
7465,675,98,23
7466,675,90,36
7467,675,114,28
7468,675,68,21
7469,675,39,16
7470,675,51,40
7471,675,234,17
7472,675,131,19
7473,675,178,19
7474,675,168,15
7475,675,58,21
7476,675,236,48
7477,676,105,11
7478,676,174,20
7479,676,203,5
7480,676,245,45
7481,676,229,44
7482,676,226,47
7483,676,61,24
7484,676,5,38
7485,676,238,38
7486,676,162,20
7487,676,153,30
7488,676,127,14
7489,676,117,32
7490,676,55,17
7491,676,191,17
7492,677,81,28
7493,677,255,46
7494,677,75,29
7495,677,230,50
7496,677,192,42
7497,677,27,28
7498,677,234,39
7499,677,229,35
7500,677,50,47
7501,677,65,43
7502,677,258,29
7503,677,49,47
7504,677,132,43
7505,677,159,35
7506,677,108,46
7507,677,142,9
7508,677,91,9
7509,678,78,40
7510,678,185,12
7511,678,10,36
7512,678,65,25
7513,678,63,41
7514,678,135,10
7515,678,209,45
7516,678,86,37
7517,678,53,14
7518,678,27,16
7519,678,153,16
7520,678,21,12
7521,678,14,16
7522,678,38,33
7523,678,184,8
7524,678,3,4
7525,678,130,30
7526,678,73,44
7527,679,124,35
7528,679,38,27
7529,679,186,10
7530,679,168,18
7531,679,1,23
7532,679,211,50
7533,679,42,32
7534,679,78,17
7535,679,153,11
7536,679,99,6
7537,679,154,48
7538,679,8,5
7539,680,126,48
7540,680,43,8
7541,680,107,20
7542,680,212,28
7543,681,43,20
7544,681,107,37
7545,681,126,26
7546,682,43,25
7547,682,47,23
7548,682,270,27
7549,682,191,45
7550,682,15,45
7551,682,107,4
7552,682,280,36
7553,682,126,19
7554,683,257,34
7555,683,255,13
7556,683,21,15
7557,683,219,2
7558,683,229,35
7559,683,126,4
7560,683,223,19
7561,683,42,29
7562,683,205,23
7563,683,43,39
7564,683,94,23
7565,683,206,1
7566,683,107,6
7567,683,12,40
7568,684,268,5
7569,684,84,42
7570,684,67,2
7571,684,182,43
7572,684,211,8
7573,684,147,31
7574,684,239,30
7575,684,129,25
7576,684,105,22
7577,684,243,31
7578,684,271,13
7579,684,168,34
7580,684,68,9
7581,684,64,15
7582,684,125,2
7583,684,46,20
7584,685,258,16
7585,685,87,11
7586,685,243,9
7587,685,68,13
7588,685,211,1
7589,685,133,45
7590,685,167,45
7591,686,74,24
7592,686,235,4
7593,686,254,23
7594,686,140,29
7595,686,243,32
7596,686,261,12
7597,686,16,10
7598,687,55,1
7599,687,4,37
7600,687,264,16
7601,687,138,33
7602,687,119,32
7603,687,101,44
7604,687,235,10
7605,687,268,45
7606,687,148,48
7607,687,209,46
7608,687,241,22
7609,687,272,39
7610,687,31,30
7611,687,16,13
7612,687,17,41
7613,688,105,33
7614,688,155,21
7615,688,276,16
7616,688,51,16
7617,688,10,22
7618,688,49,35
7619,688,250,44
7620,688,189,46
7621,688,67,30
7622,688,72,14
7623,688,35,11
7624,688,112,24
7625,688,118,9
7626,688,270,38
7627,688,131,25
7628,688,259,46
7629,688,28,50
7630,688,267,44
7631,689,112,15
7632,689,28,49
7633,689,75,34
7634,689,42,10
7635,689,197,36
7636,689,256,10
7637,689,87,3
7638,689,137,48
7639,689,67,23
7640,689,213,4
7641,689,72,9
7642,689,203,28
7643,689,218,14
7644,689,60,35
7645,689,10,12
7646,689,118,44
7647,689,120,31
7648,689,123,28
7649,689,11,38
7650,690,271,3
7651,690,10,10
7652,690,99,24
7653,690,108,3
7654,690,118,32
7655,690,90,48
7656,690,272,45
7657,690,72,50
7658,690,190,50
7659,690,94,48
7660,690,112,11
7661,690,186,36
7662,690,225,19
7663,690,173,32
7664,690,76,32
7665,690,137,32
7666,691,160,10
7667,691,146,47
7668,691,76,15
7669,691,165,2
7670,691,222,25
7671,692,142,10
7672,692,1,6
7673,692,222,13
7674,692,261,24
7675,692,143,17
7676,692,177,27
7677,692,146,31
7678,692,14,25
7679,692,144,34
7680,692,64,12
7681,692,17,36
7682,692,54,8
7683,692,140,12
7684,692,130,24
7685,692,257,6
7686,692,88,2
7687,692,76,19
7688,692,200,25
7689,692,129,28
7690,692,75,50
7691,693,251,7
7692,693,224,50
7693,693,53,22
7694,693,174,31
7695,693,188,6
7696,694,93,32
7697,694,112,47
7698,694,16,34
7699,694,12,19
7700,694,261,14
7701,694,217,17
7702,694,237,49
7703,694,185,36
7704,694,64,4
7705,694,224,30
7706,694,73,49
7707,694,258,7
7708,695,125,13
7709,695,130,27
7710,695,67,46
7711,695,6,2
7712,695,23,40
7713,695,224,5
7714,695,92,30
7715,696,137,46
7716,696,126,11
7717,696,2,46
7718,696,106,2
7719,696,199,12
7720,696,19,25
7721,696,279,9
7722,696,76,19
7723,696,233,22
7724,696,37,4
7725,696,217,31
7726,696,224,20
7727,696,264,2
7728,696,161,31
7729,697,241,8
7730,697,127,10
7731,697,78,7
7732,697,64,19
7733,697,226,33
7734,697,217,46
7735,698,24,47
7736,698,78,24
7737,698,13,22
7738,699,101,8
7739,699,147,36
7740,699,78,6
7741,699,31,7
7742,700,78,43
7743,700,246,46
7744,701,5,5
7745,701,278,42
7746,701,79,47
7747,702,271,23
7748,702,216,16
7749,702,173,31
7750,702,85,8
7751,702,98,16
7752,702,247,40
7753,702,231,6
7754,702,22,28
7755,702,238,2
7756,702,161,11
7757,702,43,23
7758,702,3,1
7759,702,5,5
7760,702,147,8
7761,703,279,33
7762,703,280,1
7763,703,183,16
7764,703,19,20
7765,703,5,17
7766,703,259,45
7767,703,237,45
7768,703,124,34
7769,703,132,23
7770,703,41,9
7771,703,277,30
7772,703,37,42
7773,703,68,7
7774,703,212,43
7775,704,11,39
7776,704,174,26
7777,704,278,13
7778,704,156,38
7779,705,278,11
7780,705,174,25
7781,706,6,20
7782,706,119,36
7783,706,196,23
7784,706,174,26
7785,706,227,50
7786,706,262,49
7787,706,278,37
7788,706,87,18
7789,706,7,41
7790,707,174,16
7791,707,278,9
7792,707,203,21
7793,708,180,28
7794,708,234,41
7795,708,68,36
7796,708,179,21
7797,708,151,1
7798,708,261,46
7799,708,183,1
7800,708,248,39
7801,708,161,28
7802,708,177,41
7803,708,190,38
7804,709,17,33
7805,709,70,3
7806,709,123,28
7807,709,244,33
7808,709,270,29
7809,709,151,16
7810,709,216,35
7811,709,213,12
7812,709,161,13
7813,709,229,49
7814,710,74,34
7815,710,207,20
7816,710,151,42
7817,710,161,44
7818,711,113,49
7819,711,165,31
7820,711,40,37
7821,711,42,43
7822,711,151,40
7823,711,134,7
7824,711,124,7
7825,711,77,14
7826,711,263,4
7827,711,161,13
7828,711,247,42
7829,711,252,43
7830,711,116,18
7831,711,229,27
7832,711,126,18
7833,711,130,37
7834,711,108,24
7835,712,118,45
7836,712,82,15
7837,712,156,12
7838,712,31,22
7839,712,166,48
7840,712,54,1
7841,712,202,32
7842,712,145,44
7843,712,220,37
7844,712,116,19
7845,712,254,15
7846,712,56,32
7847,712,161,14
7848,712,159,27
7849,712,222,3
7850,713,164,45
7851,713,29,35
7852,713,81,5
7853,713,228,48
7854,713,118,12
7855,713,229,14
7856,713,221,23
7857,713,210,44
7858,713,173,9
7859,713,220,13
7860,713,176,19
7861,713,109,41
7862,713,95,14
7863,713,269,40
7864,713,88,24
7865,713,141,31
7866,713,193,6
7867,714,226,48
7868,714,238,23
7869,714,211,31
7870,714,198,16
7871,714,243,34
7872,714,128,31
7873,714,162,9
7874,714,99,31
7875,714,178,47
7876,714,41,44
7877,714,119,1
7878,714,220,32
7879,714,275,43
7880,715,137,38
7881,715,112,4
7882,715,220,37
7883,715,241,26
7884,715,133,6
7885,715,79,5
7886,715,8,14
7887,715,255,26
7888,715,234,39
7889,715,94,44
7890,715,169,12
7891,715,151,20
7892,715,262,33
7893,715,259,6
7894,715,117,39
7895,715,214,11
7896,715,213,8
7897,715,65,25
7898,715,135,38
7899,716,54,31
7900,716,50,13
7901,716,271,23
7902,716,273,33
7903,716,23,5
7904,716,160,19
7905,716,183,3
7906,716,127,49
7907,716,251,40
7908,716,73,26
7909,716,15,9
7910,716,238,48
7911,716,245,25
7912,716,244,11
7913,716,6,40
7914,716,226,28
7915,716,20,38
7916,716,188,35
7917,716,173,14
7918,716,206,32
7919,717,127,5
7920,717,91,18
7921,717,241,22
7922,718,123,3
7923,718,258,25
7924,718,49,1
7925,718,243,42
7926,718,122,1
7927,718,183,22
7928,718,191,21
7929,718,268,32
7930,718,6,45
7931,718,225,9
7932,718,94,27
7933,718,149,5
7934,718,28,49
7935,718,173,44
7936,718,18,4
7937,718,206,14
7938,718,38,37
7939,718,155,35
7940,718,273,10
7941,719,38,7
7942,719,130,42
7943,720,111,33
7944,720,221,31
7945,720,169,30
7946,720,47,7
7947,720,101,44
7948,720,124,18
7949,720,42,47
7950,720,1,30
7951,720,8,9
7952,720,62,18
7953,720,81,27
7954,720,83,37
7955,720,22,47
7956,720,41,39
7957,720,140,26
7958,720,268,42
7959,720,46,27
7960,720,166,10
7961,721,47,8
7962,721,83,36
7963,721,166,14
7964,721,111,45
7965,721,92,12
7966,721,203,7
7967,721,274,35
7968,722,265,17
7969,722,15,7
7970,722,50,40
7971,722,23,6
7972,722,79,16
7973,722,162,49
7974,722,111,22
7975,722,83,43
7976,722,183,49
7977,722,117,4
7978,722,125,16
7979,722,242,40
7980,722,47,31
7981,722,137,10
7982,722,238,27
7983,722,13,12
7984,722,251,37
7985,723,92,24
7986,723,88,26
7987,723,280,19
7988,723,175,22
7989,723,257,37
7990,723,159,18
7991,723,224,41
7992,723,248,25
7993,723,139,16
7994,723,55,21
7995,723,260,35
7996,723,130,35
7997,723,10,45
7998,723,220,11
7999,723,116,16
8000,723,239,29
8001,723,187,44
8002,724,124,46
8003,724,221,23
8004,724,222,49
8005,724,156,25
8006,724,130,40
8007,724,31,31
8008,724,25,25
8009,724,40,6
8010,724,206,45
8011,724,260,42
8012,724,141,6
8013,724,245,39
8014,724,180,13
8015,724,149,32
8016,724,118,4
8017,725,159,4
8018,725,130,37
8019,725,54,35
8020,725,192,28
8021,725,65,41
8022,725,89,38
8023,725,62,39
8024,725,147,27
8025,725,41,39
8026,725,45,36
8027,725,104,5
8028,726,103,2
8029,726,1,21
8030,726,130,45
8031,726,143,39
8032,726,90,37
8033,726,264,28
8034,726,59,40
8035,726,107,10
8036,726,131,12
8037,726,155,26
8038,726,203,50
8039,726,231,15
8040,727,75,37
8041,727,50,32
8042,727,74,18
8043,727,43,30
8044,727,172,39
8045,727,230,14
8046,727,115,33
8047,727,266,7
8048,727,61,11
8049,727,158,38
8050,727,262,29
8051,727,100,15
8052,727,96,39
8053,728,135,50
8054,728,257,35
8055,728,279,40
8056,728,172,6
8057,728,83,13
8058,728,67,5
8059,728,223,48
8060,728,147,42
8061,728,85,14
8062,728,132,48
8063,729,231,45
8064,729,49,40
8065,729,18,36
8066,729,125,45
8067,729,250,36
8068,729,98,38
8069,729,171,23
8070,729,216,7
8071,729,143,30
8072,729,46,24
8073,729,44,23
8074,729,87,14
8075,729,129,9
8076,729,274,12
8077,729,240,14
8078,729,172,32
8079,729,57,10
8080,729,32,49
8081,729,225,44
8082,730,86,2
8083,730,182,12
8084,730,150,36
8085,730,178,30
8086,730,6,1
8087,730,41,27
8088,730,136,6
8089,730,17,45
8090,730,69,8
8091,730,100,4
8092,730,231,43
8093,730,272,30
8094,730,184,50
8095,730,140,46
8096,730,26,37
8097,730,228,15
8098,730,78,20
8099,731,226,20
8100,731,240,31
8101,731,238,35
8102,731,184,41
8103,731,137,8
8104,731,39,18
8105,731,64,1
8106,731,57,42
8107,731,93,47
8108,731,279,44
8109,731,278,5
8110,731,237,29
8111,731,153,8
8112,731,34,47
8113,731,280,8
8114,732,77,3
8115,732,4,20
8116,732,168,10
8117,732,15,29
8118,732,30,6
8119,732,47,6
8120,732,132,16
8121,732,184,30
8122,732,67,11
8123,732,68,44
8124,732,235,48
8125,732,216,49
8126,732,78,7
8127,733,107,44
8128,733,196,25
8129,733,259,42
8130,733,211,25
8131,733,76,40
8132,733,256,6
8133,733,207,26
8134,733,93,43
8135,733,198,44
8136,733,210,31
8137,733,233,46
8138,733,169,22
8139,733,188,30
8140,734,87,10
8141,734,259,16
8142,734,235,13
8143,734,184,10
8144,734,231,16
8145,734,214,21
8146,734,49,7
8147,734,108,31
8148,734,11,36
8149,734,107,24
8150,734,196,12
8151,734,7,3
8152,734,256,18
8153,734,25,1
8154,734,216,39
8155,734,189,47
8156,734,150,36
8157,734,245,17
8158,734,207,41
8159,734,76,7
8160,735,107,39
8161,735,207,3
8162,736,231,22
8163,736,165,23
8164,736,268,23
8165,736,166,25
8166,737,110,32
8167,737,147,33
8168,737,94,16
8169,737,231,25
8170,737,54,9
8171,737,45,29
8172,737,105,22
8173,738,232,27
8174,738,69,16
8175,738,231,11
8176,738,165,1
8177,738,21,27
8178,738,183,12
8179,738,32,33
8180,738,161,31
8181,738,182,24
8182,738,233,29
8183,738,255,28
8184,738,9,35
8185,738,214,11
8186,738,269,26
8187,739,72,4
8188,739,39,12
8189,739,244,20
8190,739,231,7
8191,739,23,42
8192,739,1,17
8193,739,266,3
8194,739,119,34
8195,739,228,45
8196,739,236,28
8197,739,193,4
8198,739,223,33
8199,739,140,13
8200,740,207,22
8201,740,67,41
8202,741,185,6
8203,741,207,13
8204,741,59,7
8205,741,48,7
8206,741,67,19
8207,741,30,9
8208,741,213,40
8209,741,99,38
8210,741,106,23
8211,741,3,25
8212,741,101,36
8213,741,143,26
8214,742,12,35
8215,742,71,38
8216,742,21,34
8217,742,252,33
8218,742,67,33
8219,742,90,41
8220,742,249,3
8221,742,155,35
8222,742,11,34
8223,742,141,11
8224,742,207,44
8225,742,119,36
8226,742,135,45
8227,742,108,1
8228,742,239,48
8229,742,256,35
8230,742,131,25
8231,742,258,29
8232,742,251,38
8233,742,165,36
8234,743,197,38
8235,743,12,28
8236,743,115,49
8237,743,207,48
8238,743,221,9
8239,743,235,41
8240,743,271,38
8241,743,15,46
8242,743,156,43
8243,743,6,3
8244,743,67,27
8245,743,244,44
8246,743,62,47
8247,743,193,47
8248,743,264,41
8249,743,99,6
8250,744,146,25
8251,744,255,34
8252,744,102,17
8253,744,252,40
8254,744,76,19
8255,744,31,45
8256,744,28,39
8257,744,267,12
8258,744,13,41
8259,744,79,13
8260,745,133,4
8261,745,222,4
8262,745,192,30
8263,745,146,37
8264,745,252,11
8265,745,19,47
8266,745,114,49
8267,745,205,35
8268,745,159,49
8269,745,208,45
8270,745,79,38
8271,745,53,6
8272,745,4,50
8273,746,157,45
8274,746,108,13
8275,746,89,28
8276,746,254,15
8277,746,81,17
8278,746,228,48
8279,746,216,32
8280,746,168,31
8281,746,275,3
8282,746,149,40
8283,746,44,5
8284,746,233,8
8285,746,51,12
8286,746,134,36
8287,746,252,1
8288,746,17,15
8289,746,58,21
8290,746,19,3
8291,747,87,36
8292,747,94,50
8293,747,207,27
8294,747,209,33
8295,747,134,6
8296,747,203,8
8297,747,41,17
8298,747,237,32
8299,747,58,30
8300,747,65,26
8301,747,257,34
8302,747,220,22
8303,747,117,12
8304,747,110,48
8305,747,42,1
8306,747,22,8
8307,747,89,5
8308,748,57,12
8309,748,61,6
8310,748,58,6
8311,748,160,47
8312,748,157,9
8313,748,202,49
8314,748,172,46
8315,748,264,18
8316,748,263,6
8317,748,56,29
8318,748,62,18
8319,748,77,28
8320,748,242,2
8321,748,177,18
8322,748,272,30
8323,749,266,37
8324,749,228,8
8325,749,57,32
8326,749,272,10
8327,749,95,30
8328,749,103,36
8329,749,214,46
8330,749,129,28
8331,749,28,1
8332,749,35,16
8333,749,157,10
8334,749,188,36
8335,750,76,40
8336,750,271,48
8337,750,206,13
8338,750,180,21
8339,750,116,33
8340,750,256,45
8341,750,255,16
8342,750,153,37
8343,750,178,50
8344,750,245,29
8345,750,141,38
8346,750,164,14
8347,750,179,30
8348,750,223,4
8349,750,57,17
8350,750,253,25
8351,750,157,31
8352,750,272,36
8353,750,42,16
8354,750,275,36
8355,751,57,17
8356,751,272,24
8357,751,157,26
8358,752,167,43
8359,752,254,25
8360,752,42,42
8361,752,101,25
8362,752,160,18
8363,752,227,30
8364,752,23,33
8365,752,267,13
8366,753,215,19
8367,753,172,25
8368,753,253,38
8369,753,280,34
8370,753,4,44
8371,753,11,27
8372,753,162,44
8373,753,147,9
8374,753,12,47
8375,753,250,13
8376,753,42,29
8377,753,267,28
8378,753,227,49
8379,754,274,30
8380,754,94,43
8381,754,109,42
8382,754,79,19
8383,754,119,41
8384,754,227,8
8385,754,170,9
8386,754,42,4
8387,754,161,39
8388,754,267,2
8389,754,204,23
8390,754,125,3
8391,754,165,13
8392,754,133,45
8393,754,194,41
8394,754,111,13
8395,755,88,41
8396,755,267,50
8397,755,227,49
8398,755,42,40
8399,755,132,41
8400,756,180,50
8401,756,9,10
8402,756,118,5
8403,756,256,46
8404,756,178,35
8405,756,270,26
8406,756,123,47
8407,757,210,9
8408,757,180,35
8409,757,104,7
8410,757,206,20
8411,757,274,2
8412,757,149,6
8413,757,227,29
8414,757,233,2
8415,757,140,16
8416,757,90,37
8417,757,4,27
8418,757,13,22
8419,757,270,6
8420,757,136,15
8421,757,169,6
8422,757,124,46
8423,757,114,5
8424,757,25,10
8425,757,53,31
8426,758,2,47
8427,758,124,6
8428,758,217,34
8429,758,73,16
8430,758,125,10
8431,758,273,41
8432,758,186,41
8433,758,224,42
8434,758,116,50
8435,758,204,33
8436,758,174,27
8437,758,196,40
8438,758,134,21
8439,758,127,36
8440,758,184,14
8441,758,34,50
8442,758,71,38
8443,758,180,33
8444,759,181,32
8445,759,109,7
8446,759,64,1
8447,759,242,14
8448,759,186,42
8449,760,270,19
8450,760,110,25
8451,760,123,4
8452,760,61,17
8453,760,186,5
8454,760,177,48
8455,760,185,2
8456,760,171,33
8457,760,164,46
8458,760,103,3
8459,760,189,14
8460,760,204,17
8461,760,39,34
8462,761,23,49
8463,761,16,41
8464,761,186,39
8465,761,161,42
8466,761,41,13
8467,761,200,37
8468,761,250,26
8469,761,55,50
8470,761,139,31
8471,762,28,23
8472,762,208,17
8473,762,102,39
8474,762,156,29
8475,763,80,32
8476,763,231,35
8477,763,237,21
8478,763,102,24
8479,763,169,9
8480,763,156,29
8481,763,172,22
8482,763,192,40
8483,763,93,2
8484,763,248,16
8485,764,127,16
8486,764,205,42
8487,764,266,32
8488,764,119,14
8489,764,50,32
8490,764,93,1
8491,764,229,14
8492,764,90,16
8493,764,49,25
8494,764,254,43
8495,764,220,38
8496,764,102,26
8497,764,71,13
8498,765,231,36
8499,765,187,14
8500,765,5,31
8501,765,151,33
8502,765,246,37
8503,766,82,9
8504,766,226,45
8505,766,27,6
8506,766,239,50
8507,766,76,30
8508,766,245,50
8509,766,176,50
8510,766,279,37
8511,766,246,1
8512,766,216,47
8513,766,151,44
8514,766,108,47
8515,766,230,17
8516,766,5,28
8517,766,249,4
8518,767,151,46
8519,767,256,35
8520,767,5,38
8521,767,125,31
8522,767,194,23
8523,767,23,13
8524,767,250,31
8525,767,168,27
8526,767,38,39
8527,767,234,32
8528,767,71,46
8529,767,235,30
8530,767,233,45
8531,767,246,45
8532,767,110,17
8533,768,78,48
8534,768,273,36
8535,769,206,49
8536,769,208,6
8537,769,81,15
8538,769,80,10
8539,769,175,24
8540,769,251,46
8541,769,273,33
8542,769,164,4
8543,769,140,28
8544,770,156,3
8545,770,9,40
8546,770,215,17
8547,770,177,38
8548,770,191,1
8549,770,265,21
8550,770,42,36
8551,770,257,2
8552,770,245,22
8553,770,133,13
8554,770,228,45
8555,770,33,26
8556,770,213,3
8557,770,207,40
8558,770,148,3
8559,770,58,11
8560,771,149,12
8561,771,161,11
8562,771,184,29
8563,771,191,41
8564,771,180,27
8565,771,38,41
8566,771,181,19
8567,771,136,4
8568,771,245,28
8569,771,65,39
8570,771,102,44
8571,771,148,42
8572,771,247,24
8573,771,26,18
8574,771,207,40
8575,771,3,5
8576,771,261,16
8577,771,146,48
8578,772,8,16
8579,772,207,25
8580,772,243,42
8581,772,128,44
8582,772,191,47
8583,772,153,48
8584,772,148,39
8585,773,158,19
8586,773,214,36
8587,773,161,46
8588,773,274,3
8589,773,5,45
8590,773,56,26
8591,773,236,22
8592,774,161,24
8593,774,274,1
8594,774,56,5
8595,775,137,13
8596,775,7,40
8597,775,45,46
8598,775,166,9
8599,775,120,24
8600,776,108,1
8601,776,45,18
8602,776,243,43
8603,776,7,2
8604,776,154,8
8605,776,239,1
8606,776,120,15
8607,776,81,21
8608,776,173,41
8609,776,206,31
8610,776,88,20
8611,776,272,50
8612,777,223,4
8613,777,7,16
8614,777,120,5
8615,777,45,47
8616,777,177,6
8617,778,7,41
8618,778,45,14
8619,778,163,3
8620,778,231,14
8621,778,44,23
8622,778,120,17
8623,778,257,4
8624,778,278,18
8625,779,276,11
8626,779,121,2
8627,779,199,1
8628,779,152,24
8629,779,185,10
8630,779,2,37
8631,779,79,7
8632,779,196,44
8633,779,154,32
8634,779,257,43
8635,779,135,8
8636,779,72,45
8637,779,222,23
8638,779,255,4
8639,779,165,15
8640,779,136,43
8641,780,72,2
8642,780,180,40
8643,780,194,39
8644,780,79,26
8645,780,114,24
8646,780,266,29
8647,781,72,33
8648,781,5,36
8649,781,6,4
8650,781,21,7
8651,781,264,21
8652,781,279,13
8653,781,212,3
8654,782,34,50
8655,782,56,4
8656,782,145,6
8657,782,135,11
8658,782,239,20
8659,782,65,31
8660,782,141,48
8661,782,244,30
8662,782,128,3
8663,782,72,28
8664,783,259,3
8665,783,38,4
8666,783,267,28
8667,783,145,13
8668,783,121,50
8669,784,126,26
8670,784,113,15
8671,784,54,39
8672,784,27,9
8673,784,177,35
8674,784,38,16
8675,784,35,37
8676,784,33,34
8677,785,110,41
8678,785,138,43
8679,785,95,37
8680,785,156,16
8681,785,52,26
8682,785,265,16
8683,785,267,36
8684,785,34,31
8685,785,145,43
8686,785,38,7
8687,785,190,9
8688,785,76,13
8689,786,14,16
8690,786,102,47
8691,786,93,49
8692,786,33,7
8693,786,131,16
8694,786,124,30
8695,786,168,12
8696,786,79,34
8697,786,233,20
8698,786,227,16
8699,786,30,48
8700,786,20,43
8701,786,242,44
8702,786,195,39
8703,786,128,36
8704,786,56,10
8705,786,219,40
8706,786,27,25
8707,786,95,40
8708,786,85,27
8709,787,85,19
8710,787,168,47
8711,787,33,11
8712,787,94,22
8713,787,235,29
8714,788,150,6
8715,788,266,29
8716,788,223,45
8717,788,16,22
8718,788,212,16
8719,788,277,26
8720,788,123,31
8721,788,147,7
8722,788,4,16
8723,788,30,17
8724,788,159,24
8725,788,19,21
8726,788,116,3
8727,788,158,48
8728,788,135,23
8729,788,13,18
8730,788,183,41
8731,788,14,41
8732,788,240,11
8733,788,238,39
8734,789,238,49
8735,789,240,18
8736,790,280,12
8737,790,159,28
8738,790,22,50
8739,790,182,31
8740,790,196,21
8741,790,107,19
8742,790,143,37
8743,790,24,20
8744,790,34,31
8745,790,115,29
8746,790,11,16
8747,790,66,45
8748,790,116,42
8749,790,238,25
8750,790,105,37
8751,790,240,5
8752,790,35,3
8753,790,233,2
8754,790,225,21
8755,791,212,4
8756,791,18,8
8757,791,261,38
8758,791,77,46
8759,791,145,16
8760,791,204,11
8761,791,111,44
8762,791,171,15
8763,792,226,27
8764,792,18,1
8765,793,202,24
8766,793,18,15
8767,793,154,28
8768,793,191,26
8769,793,10,8
8770,793,146,2
8771,793,150,4
8772,793,148,48
8773,793,227,7
8774,793,101,17
8775,793,43,11
8776,793,156,31
8777,793,111,8
8778,793,169,9
8779,793,209,29
8780,793,29,30
8781,793,153,10
8782,794,130,22
8783,794,243,4
8784,794,120,48
8785,794,261,22
8786,794,251,32
8787,794,168,29
8788,794,180,37
8789,794,225,22
8790,794,159,12
8791,794,177,50
8792,794,53,47
8793,794,220,39
8794,794,89,13
8795,795,85,13
8796,795,64,21
8797,795,23,42
8798,795,98,13
8799,795,250,17
8800,795,6,14
8801,795,186,19
8802,795,96,25
8803,795,50,25
8804,795,129,10
8805,795,144,33
8806,795,235,30
8807,795,35,46
8808,795,52,1
8809,795,251,24
8810,795,173,25
8811,795,200,42
8812,795,130,27
8813,796,266,11
8814,796,99,20
8815,796,251,12
8816,796,130,15
8817,796,187,43
8818,797,180,43
8819,797,220,23
8820,797,23,6
8821,797,248,5
8822,797,109,39
8823,797,236,38
8824,797,192,12
8825,797,114,43
8826,798,109,3
8827,798,48,10
8828,798,219,47
8829,798,117,10
8830,799,201,41
8831,799,171,26
8832,799,38,2
8833,799,151,5
8834,799,139,17
8835,799,67,17
8836,799,243,50
8837,800,139,15
8838,800,57,26
8839,800,38,12
8840,800,51,46
8841,800,244,50
8842,800,201,48
8843,800,109,5
8844,800,134,26
8845,800,212,49
8846,800,179,47
8847,800,197,49
8848,801,139,6
8849,801,86,6
8850,801,201,26
8851,801,38,21
8852,801,255,27
8853,801,175,25
8854,801,29,46
8855,802,224,10
8856,802,238,48
8857,802,65,26
8858,803,26,22
8859,803,181,26
8860,803,238,45
8861,803,224,5
8862,803,223,1
8863,803,46,20
8864,803,119,11
8865,803,79,1
8866,803,247,20
8867,803,148,42
8868,803,50,22
8869,803,8,1
8870,803,89,45
8871,804,224,34
8872,804,95,49
8873,804,238,22
8874,805,221,19
8875,805,199,27
8876,805,25,33
8877,805,33,20
8878,805,98,20
8879,805,181,1
8880,805,7,43
8881,805,180,48
8882,805,167,5
8883,805,121,23
8884,805,31,5
8885,805,91,21
8886,806,230,42
8887,806,7,42
8888,806,146,7
8889,806,196,34
8890,806,246,40
8891,806,55,12
8892,806,263,9
8893,806,258,3
8894,806,5,35
8895,806,98,16
8896,806,213,3
8897,806,236,9
8898,806,33,25
8899,807,27,5
8900,807,44,21
8901,807,98,48
8902,807,33,34
8903,807,109,17
8904,807,249,27
8905,807,23,11
8906,807,135,18
8907,807,111,10
8908,807,180,11
8909,807,223,40
8910,807,205,44
8911,807,225,17
8912,808,164,42
8913,808,11,22
8914,808,267,17
8915,808,15,3
8916,808,91,14
8917,808,182,8
8918,808,98,32
8919,808,121,42
8920,808,157,28
8921,808,33,43
8922,808,265,27
8923,809,39,24
8924,809,264,10
8925,809,141,1
8926,809,221,46
8927,809,241,30
8928,809,211,21
8929,809,217,45
8930,809,228,38
8931,809,26,46
8932,809,98,15
8933,809,79,12
8934,809,89,42
8935,809,238,9
8936,809,138,8
8937,809,195,47
8938,809,218,35
8939,809,254,17
8940,810,211,42
8941,810,221,27
8942,810,199,18
8943,810,191,26
8944,810,215,3
8945,810,220,49
8946,810,96,17
8947,810,117,33
8948,811,221,16
8949,811,211,38
8950,811,108,39
8951,811,276,10
8952,811,118,20
8953,812,212,43
8954,812,277,6
8955,812,211,7
8956,812,221,15
8957,812,209,4
8958,812,235,43
8959,813,225,48
8960,813,236,5
8961,813,172,50
8962,813,103,44
8963,813,137,44
8964,813,20,38
8965,813,64,47
8966,813,5,33
8967,813,112,7
8968,813,106,28
8969,813,78,32
8970,814,271,40
8971,814,274,27
8972,814,56,50
8973,814,54,50
8974,814,259,34
8975,814,175,11
8976,814,103,31
8977,814,221,16
8978,814,20,30
8979,814,232,7
8980,814,81,42
8981,814,262,44
8982,814,189,23
8983,814,137,4
8984,814,17,30
8985,814,174,29
8986,814,183,7
8987,814,222,20
8988,815,8,30
8989,815,258,49
8990,815,186,4
8991,815,19,4
8992,815,39,11
8993,815,278,43
8994,815,138,18
8995,815,256,37
8996,815,28,28
8997,815,180,25
8998,815,190,7
8999,815,167,41
9000,815,69,36
9001,815,95,10
9002,815,188,9
9003,815,197,48
9004,815,213,28
9005,815,273,26
9006,816,163,22
9007,816,151,9
9008,816,8,34
9009,816,45,5
9010,816,223,36
9011,816,130,46
9012,816,179,25
9013,816,106,24
9014,816,237,42
9015,816,150,12
9016,816,192,12
9017,816,244,36
9018,816,278,24
9019,816,258,14
9020,816,277,17
9021,816,212,13
9022,816,206,35
9023,817,14,42
9024,817,151,34
9025,817,205,10
9026,817,258,35
9027,817,155,43
9028,817,253,24
9029,817,34,21
9030,817,222,2
9031,817,70,8
9032,817,105,33
9033,817,113,31
9034,817,28,3
9035,818,260,44
9036,818,219,4
9037,818,51,39
9038,818,6,26
9039,818,126,30
9040,818,129,26
9041,818,144,3
9042,818,74,12
9043,818,258,20
9044,818,170,4
9045,818,123,49
9046,818,108,25
9047,818,68,35
9048,818,229,39
9049,818,164,44
9050,818,8,24
9051,818,47,10
9052,819,242,27
9053,819,177,38
9054,819,243,8
9055,819,251,21
9056,819,81,31
9057,819,80,22
9058,819,230,7
9059,819,91,18
9060,819,168,17
9061,819,126,37
9062,819,255,36
9063,819,138,18
9064,820,26,47
9065,820,124,10
9066,820,73,22
9067,820,214,15
9068,820,154,19
9069,820,109,33
9070,820,186,12
9071,820,255,11
9072,820,125,33
9073,820,253,10
9074,820,144,12
9075,820,72,18
9076,820,126,11
9077,821,280,24
9078,821,57,8
9079,821,8,28
9080,821,239,42
9081,821,119,50
9082,821,129,48
9083,821,63,4
9084,821,255,22
9085,821,276,22
9086,821,213,3
9087,821,17,18
9088,821,50,27
9089,821,79,36
9090,821,175,1
9091,821,155,32
9092,822,275,8
9093,822,133,29
9094,822,193,30
9095,822,87,32
9096,822,152,47
9097,822,207,45
9098,822,113,48
9099,822,91,29
9100,822,73,12
9101,822,280,3
9102,822,76,42
9103,822,251,8
9104,822,57,20
9105,822,29,14
9106,822,82,50
9107,822,170,49
9108,822,27,14
9109,822,169,33
9110,822,68,34
9111,822,98,2
9112,823,225,3
9113,823,88,35
9114,823,96,35
9115,823,33,15
9116,823,236,24
9117,823,189,49
9118,823,92,31
9119,823,57,38
9120,823,191,42
9121,823,280,29
9122,823,265,47
9123,823,41,42
9124,823,113,45
9125,823,169,31
9126,823,83,19
9127,823,163,40
9128,823,218,12
9129,824,165,36
9130,824,57,43
9131,824,260,3
9132,824,97,39
9133,824,30,16
9134,824,280,23
9135,825,43,2
9136,825,165,24
9137,825,161,26
9138,825,147,30
9139,825,98,10
9140,825,29,45
9141,825,14,5
9142,825,266,26
9143,825,80,37
9144,825,204,23
9145,825,257,30
9146,825,173,2
9147,825,117,32
9148,825,4,10
9149,825,132,15
9150,825,238,27
9151,825,95,44
9152,825,51,25
9153,826,155,13
9154,826,219,8
9155,826,238,4
9156,826,165,48
9157,826,261,30
9158,826,254,5
9159,826,120,4
9160,826,61,34
9161,826,12,48
9162,826,111,45
9163,826,195,1
9164,827,173,24
9165,827,73,29
9166,827,267,21
9167,827,239,7
9168,827,165,27
9169,827,238,48
9170,827,92,9
9171,827,97,38
9172,827,38,18
9173,828,232,14
9174,828,170,7
9175,828,97,1
9176,828,209,37
9177,828,104,17
9178,828,75,15
9179,829,232,3
9180,829,170,11
9181,830,85,11
9182,830,242,19
9183,830,184,46
9184,830,251,27
9185,830,232,34
9186,830,46,4
9187,830,170,26
9188,830,222,30
9189,830,41,35
9190,830,128,42
9191,830,26,3
9192,830,40,48
9193,830,97,33
9194,830,55,18
9195,830,175,48
9196,830,250,10
9197,831,176,38
9198,831,140,2
9199,831,208,20
9200,831,267,19
9201,831,71,43
9202,831,96,16
9203,831,177,16
9204,831,37,5
9205,831,178,26
9206,831,184,2
9207,832,128,8
9208,832,119,33
9209,832,204,25
9210,832,136,14
9211,832,177,6
9212,832,184,30
9213,832,29,43
9214,833,261,4
9215,833,210,14
9216,833,66,28
9217,833,171,29
9218,833,245,8
9219,833,184,11
9220,833,177,13
9221,833,243,8
9222,833,121,29
9223,833,58,32
9224,833,134,26
9225,833,20,48
9226,833,43,32
9227,833,173,28
9228,833,222,11
9229,833,207,24
9230,833,218,6
9231,833,248,41
9232,833,211,6
9233,834,101,7
9234,834,232,36
9235,834,195,14
9236,834,167,24
9237,834,177,8
9238,834,267,26
9239,834,74,33
9240,834,240,7
9241,834,29,28
9242,834,194,8
9243,834,18,1
9244,834,84,15
9245,834,261,40
9246,834,163,40
9247,834,21,45
9248,834,72,18
9249,834,276,23
9250,834,184,14
9251,834,189,28
9252,835,116,13
9253,835,24,24
9254,835,57,16
9255,835,39,44
9256,835,269,32
9257,835,40,33
9258,835,152,28
9259,835,278,24
9260,835,194,47
9261,835,56,44
9262,835,49,20
9263,835,225,47
9264,835,33,29
9265,836,131,31
9266,836,55,39
9267,836,118,6
9268,836,278,23
9269,836,66,19
9270,836,148,14
9271,836,95,34
9272,836,31,49
9273,836,212,26
9274,836,269,16
9275,836,184,41
9276,836,70,11
9277,836,152,21
9278,836,236,46
9279,837,187,18
9280,837,221,15
9281,837,261,16
9282,837,103,3
9283,837,17,9
9284,837,44,44
9285,837,278,5
9286,837,12,24
9287,837,104,14
9288,837,162,25
9289,837,184,12
9290,837,255,30
9291,837,127,14
9292,837,176,31
9293,837,183,41
9294,837,271,46
9295,837,275,34
9296,838,44,22
9297,838,242,7
9298,838,149,18
9299,838,278,34
9300,839,156,42
9301,839,275,36
9302,839,23,15
9303,839,200,12
9304,839,96,39
9305,839,210,42
9306,839,232,18
9307,839,44,23
9308,839,144,15
9309,839,181,49
9310,839,278,39
9311,840,44,50
9312,840,278,26
9313,840,231,19
9314,841,78,13
9315,841,108,28
9316,841,76,5
9317,841,188,37
9318,841,168,48
9319,841,65,43
9320,841,179,9
9321,841,253,47
9322,841,33,1
9323,841,145,7
9324,841,117,1
9325,841,180,27
9326,841,107,26
9327,841,116,48
9328,841,2,44
9329,841,223,42
9330,841,75,1
9331,841,205,39
9332,841,42,10
9333,841,154,46
9334,842,144,35
9335,842,159,24
9336,842,253,15
9337,842,108,16
9338,842,75,47
9339,842,179,5
9340,842,247,17
9341,842,72,22
9342,842,152,34
9343,842,122,23
9344,842,64,25
9345,842,157,2
9346,842,85,26
9347,842,229,38
9348,842,244,32
9349,842,42,47
9350,842,21,9
9351,842,232,12
9352,842,231,47
9353,843,272,31
9354,843,179,35
9355,843,264,3
9356,843,42,50
9357,843,253,44
9358,844,273,2
9359,844,15,25
9360,844,163,7
9361,844,199,45
9362,844,41,25
9363,844,70,6
9364,844,215,40
9365,844,1,2
9366,844,28,3
9367,844,243,38
9368,844,223,48
9369,844,262,15
9370,844,103,29
9371,844,266,48
9372,844,44,39
9373,844,50,4
9374,844,13,40
9375,844,238,25
9376,845,256,7
9377,845,30,47
9378,845,233,47
9379,845,96,17
9380,845,167,26
9381,845,199,27
9382,845,191,18
9383,845,56,22
9384,845,65,48
9385,845,90,16
9386,845,20,50
9387,845,196,14
9388,845,173,43
9389,845,49,32
9390,845,91,25
9391,845,41,10
9392,845,231,19
9393,846,269,33
9394,846,15,30
9395,846,95,2
9396,846,237,16
9397,846,249,20
9398,846,99,4
9399,846,20,16
9400,846,173,32
9401,846,181,7
9402,846,11,5
9403,846,220,17
9404,846,47,17
9405,846,146,40
9406,846,107,9
9407,846,58,36
9408,847,154,40
9409,847,237,8
9410,847,182,14
9411,847,271,34
9412,847,99,25
9413,847,152,9
9414,847,31,33
9415,847,4,37
9416,847,194,27
9417,847,28,11
9418,847,205,32
9419,847,103,14
9420,847,141,1
9421,848,200,21
9422,848,199,36
9423,848,194,46
9424,848,99,37
9425,848,222,3
9426,848,237,42
9427,848,74,32
9428,849,95,23
9429,849,158,31
9430,849,90,10
9431,849,266,32
9432,849,102,48
9433,849,140,6
9434,849,67,48
9435,849,75,46
9436,849,163,8
9437,849,175,18
9438,849,100,40
9439,849,76,47
9440,849,218,10
9441,849,236,34
9442,849,65,30
9443,849,39,21
9444,849,274,42
9445,850,238,25
9446,850,21,28
9447,850,8,29
9448,850,27,30
9449,850,158,7
9450,850,42,13
9451,850,86,25
9452,850,175,30
9453,850,93,3
9454,850,259,23
9455,850,15,42
9456,850,17,28
9457,851,102,37
9458,851,61,17
9459,851,132,3
9460,851,270,36
9461,851,79,8
9462,851,175,39
9463,851,96,17
9464,851,151,21
9465,851,129,33
9466,851,68,41
9467,851,3,47
9468,851,248,47
9469,851,158,20
9470,851,264,6
9471,851,254,41
9472,851,106,25
9473,851,236,21
9474,851,125,33
9475,851,162,31
9476,852,48,25
9477,852,81,15
9478,852,198,14
9479,853,139,27
9480,853,59,44
9481,853,118,44
9482,853,81,48
9483,853,208,49
9484,853,18,25
9485,853,95,25
9486,853,258,50
9487,853,106,34
9488,853,255,21
9489,853,261,46
9490,853,148,35
9491,853,162,24
9492,853,231,39
9493,853,84,33
9494,853,96,26
9495,853,64,13
9496,853,19,32
9497,854,81,47
9498,854,215,37
9499,854,223,33
9500,854,263,22
9501,855,280,44
9502,855,135,10
9503,855,223,17
9504,855,133,10
9505,855,119,21
9506,855,239,42
9507,856,187,19
9508,856,182,39
9509,856,93,42
9510,856,119,21
9511,856,254,12
9512,856,212,11
9513,856,251,37
9514,856,83,15
9515,856,6,19
9516,856,132,39
9517,857,141,3
9518,857,59,3
9519,857,9,21
9520,857,5,10
9521,857,126,45
9522,857,118,5
9523,858,53,40
9524,858,141,29
9525,858,18,44
9526,858,75,2
9527,858,138,25
9528,858,35,36
9529,858,212,47
9530,858,211,43
9531,859,244,40
9532,859,227,40
9533,859,239,42
9534,859,141,25
9535,859,3,41
9536,859,270,29
9537,859,8,49
9538,859,38,4
9539,859,54,34
9540,859,135,30
9541,859,245,36
9542,859,277,49
9543,860,265,36
9544,860,66,41
9545,860,64,33
9546,860,240,8
9547,860,73,43
9548,860,273,5
9549,860,239,6
9550,860,105,6
9551,860,93,36
9552,860,103,50
9553,860,257,6
9554,860,141,27
9555,860,4,50
9556,860,135,32
9557,860,226,14
9558,860,208,16
9559,860,110,23
9560,860,278,6
9561,860,35,6
9562,861,4,12
9563,861,175,20
9564,861,183,44
9565,861,25,30
9566,861,95,19
9567,862,230,26
9568,862,95,35
9569,862,183,46
9570,862,269,32
9571,863,268,19
9572,863,11,1
9573,863,158,31
9574,863,115,38
9575,863,139,5
9576,863,132,45
9577,863,254,34
9578,863,145,34
9579,863,216,1
9580,863,247,41
9581,863,46,45
9582,863,95,21
9583,863,3,42
9584,863,70,10
9585,863,68,8
9586,863,183,21
9587,863,273,45
9588,863,108,2
9589,864,244,18
9590,864,52,45
9591,865,244,45
9592,865,237,12
9593,865,199,13
9594,865,120,4
9595,865,161,42
9596,865,112,32
9597,865,74,9
9598,865,158,26
9599,865,255,15
9600,865,139,17
9601,865,80,24
9602,865,132,49
9603,865,77,3
9604,865,29,27
9605,865,35,8
9606,866,38,21
9607,866,259,10
9608,866,268,2
9609,866,196,6
9610,866,242,11
9611,866,96,8
9612,866,29,33
9613,866,169,28
9614,866,160,49
9615,866,241,47
9616,866,272,27
9617,866,42,34
9618,866,98,24
9619,866,213,19
9620,866,36,44
9621,866,203,42
9622,866,248,31
9623,867,160,6
9624,867,258,2
9625,867,226,12
9626,867,115,11
9627,868,179,37
9628,868,203,42
9629,868,112,7
9630,868,236,7
9631,868,190,5
9632,868,96,23
9633,868,89,4
9634,868,244,23
9635,868,116,7
9636,868,62,18
9637,868,235,40
9638,868,160,15
9639,868,46,8
9640,869,187,8
9641,869,239,18
9642,869,253,29
9643,869,64,23
9644,869,107,13
9645,869,21,50
9646,869,97,42
9647,869,210,21
9648,869,43,24
9649,869,204,42
9650,869,242,10
9651,869,106,8
9652,869,160,13
9653,869,146,37
9654,869,182,43
9655,869,266,35
9656,869,118,24
9657,869,49,42
9658,869,31,45
9659,870,56,19
9660,870,220,37
9661,870,14,35
9662,870,265,48
9663,870,43,8
9664,870,234,6
9665,870,245,3
9666,871,197,31
9667,871,272,33
9668,871,89,4
9669,871,104,4
9670,871,24,1
9671,871,192,21
9672,871,160,15
9673,871,209,23
9674,871,127,39
9675,871,59,36
9676,871,220,6
9677,872,109,18
9678,872,137,50
9679,872,114,28
9680,872,207,7
9681,872,255,35
9682,872,105,15
9683,872,154,16
9684,872,237,49
9685,872,235,23
9686,872,157,38
9687,872,119,44
9688,872,91,29
9689,872,280,16
9690,872,11,42
9691,872,77,26
9692,872,60,44
9693,872,149,24
9694,872,118,34
9695,873,48,35
9696,873,7,50
9697,873,175,50
9698,873,207,14
9699,873,269,49
9700,873,67,16
9701,873,206,40
9702,873,137,23
9703,873,12,15
9704,873,152,37
9705,873,237,9
9706,874,207,25
9707,874,14,25
9708,874,137,49
9709,874,191,8
9710,874,95,47
9711,874,183,9
9712,874,271,8
9713,874,237,46
9714,874,257,27
9715,875,25,22
9716,875,271,32
9717,875,224,39
9718,875,115,45
9719,875,136,44
9720,875,111,43
9721,875,143,20
9722,875,258,17
9723,875,126,1
9724,875,35,4
9725,876,126,46
9726,876,271,11
9727,876,25,47
9728,876,198,20
9729,876,81,18
9730,876,254,41
9731,876,88,10
9732,877,154,28
9733,877,186,16
9734,877,226,42
9735,877,268,44
9736,877,224,22
9737,877,230,27
9738,877,94,45
9739,877,47,43
9740,877,155,11
9741,877,33,48
9742,877,173,42
9743,877,249,44
9744,877,262,12
9745,877,105,37
9746,877,121,1
9747,877,211,45
9748,877,217,38
9749,877,202,18
9750,877,267,47
9751,877,190,38
9752,878,59,32
9753,878,104,20
9754,878,186,2
9755,878,224,35
9756,878,277,36
9757,878,241,17
9758,878,33,45
9759,878,257,37
9760,878,42,38
9761,878,124,36
9762,878,194,9
9763,878,85,6
9764,878,75,50
9765,878,184,18
9766,879,33,4
9767,879,185,21
9768,879,111,32
9769,879,235,36
9770,879,186,38
9771,879,140,49
9772,880,220,28
9773,880,184,47
9774,880,241,40
9775,880,33,49
9776,880,125,24
9777,880,4,45
9778,880,39,47
9779,880,107,4
9780,880,277,2
9781,880,155,15
9782,880,106,22
9783,880,77,16
9784,881,57,41
9785,881,42,30
9786,881,35,40
9787,881,201,10
9788,881,132,7
9789,881,10,15
9790,881,106,1
9791,882,56,32
9792,882,97,25
9793,882,203,25
9794,882,73,35
9795,882,51,12
9796,882,239,33
9797,882,63,43
9798,883,259,34
9799,883,155,11
9800,883,154,45
9801,883,100,42
9802,883,194,36
9803,883,69,27
9804,883,63,23
9805,883,250,13
9806,883,142,31
9807,883,73,50
9808,883,89,31
9809,883,218,3
9810,883,56,44
9811,883,9,45
9812,883,125,6
9813,883,163,26
9814,884,232,7
9815,884,67,2
9816,884,188,49
9817,884,34,6
9818,884,94,36
9819,884,228,34
9820,884,258,47
9821,884,17,18
9822,884,82,50
9823,884,186,4
9824,884,44,9
9825,884,182,35
9826,884,114,23
9827,884,77,3
9828,884,105,47
9829,884,135,15
9830,884,244,47
9831,885,4,20
9832,885,151,49
9833,885,1,2
9834,885,124,4
9835,885,226,1
9836,885,17,11
9837,885,224,7
9838,885,188,48
9839,885,270,21
9840,885,52,16
9841,885,202,48
9842,885,82,26
9843,886,159,22
9844,886,17,12
9845,886,218,19
9846,886,181,10
9847,886,188,26
9848,886,229,35
9849,886,10,48
9850,886,82,11
9851,886,58,15
9852,886,201,49
9853,886,141,39
9854,886,66,37
9855,886,62,36
9856,886,264,44
9857,886,96,38
9858,887,102,21
9859,887,17,50
9860,887,111,27
9861,887,188,39
9862,887,82,38
9863,887,10,44
9864,888,156,15
9865,888,53,15
9866,888,128,20
9867,889,33,4
9868,889,156,46
9869,889,128,26
9870,889,41,26
9871,889,97,19
9872,889,138,1
9873,890,271,22
9874,890,151,49
9875,890,278,18
9876,890,143,8
9877,890,18,44
9878,890,4,44
9879,890,197,39
9880,890,33,34
9881,890,200,15
9882,890,255,40
9883,890,136,39
9884,890,220,14
9885,891,149,15
9886,891,136,37
9887,891,246,35
9888,891,104,29
9889,891,85,43
9890,891,180,1
9891,891,244,45
9892,891,25,33
9893,891,208,7
9894,891,190,36
9895,891,72,5
9896,891,214,9
9897,891,74,33
9898,891,153,10
9899,891,32,46
9900,891,277,34
9901,891,226,27
9902,891,280,34
9903,891,213,36
9904,892,63,10
9905,892,136,48
9906,893,49,2
9907,893,61,42
9908,893,106,42
9909,893,112,15
9910,893,254,5
9911,893,114,8
9912,893,108,16
9913,893,113,26
9914,893,188,29
9915,893,98,39
9916,893,275,32
9917,893,57,20
9918,893,9,9
9919,894,64,35
9920,894,214,47
9921,894,57,11
9922,894,227,34
9923,894,131,39
9924,894,39,25
9925,894,173,40
9926,894,117,10
9927,894,113,40
9928,894,177,17
9929,894,132,15
9930,894,277,29
9931,894,280,21
9932,894,76,34
9933,894,74,29
9934,894,128,43
9935,894,106,1
9936,894,216,24
9937,894,168,9
9938,895,174,44
9939,895,238,21
9940,895,65,38
9941,895,113,11
9942,895,128,43
9943,895,11,12
9944,895,37,28
9945,895,84,21
9946,895,230,6
9947,895,273,44
9948,895,60,7
9949,895,219,26
9950,896,205,11
9951,896,35,22
9952,896,178,15
9953,896,254,30
9954,896,113,4
9955,897,272,38
9956,897,280,47
9957,897,88,16
9958,897,135,38
9959,897,185,40
9960,897,9,34
9961,897,10,33
9962,898,104,19
9963,898,272,17
9964,898,280,23
9965,898,85,2
9966,898,248,25
9967,898,174,17
9968,898,78,34
9969,898,135,30
9970,898,177,37
9971,898,61,16
9972,898,131,7
9973,898,137,38
9974,898,103,9
9975,898,147,35
9976,899,30,27
9977,899,204,2
9978,899,121,31
9979,899,128,20
9980,899,158,14
9981,899,135,23
9982,899,24,18
9983,899,210,4
9984,899,280,13
9985,899,272,33
9986,899,102,36
9987,899,193,23
9988,899,48,49
9989,899,174,35
9990,899,78,4
9991,899,43,46
9992,900,184,8
9993,900,93,39
9994,900,231,23
9995,900,76,8
9996,900,137,30
9997,900,152,12
9998,900,132,48
9999,900,266,32
10000,900,135,13
10001,900,193,27
10002,900,221,11
10003,900,34,19
10004,900,280,48
10005,900,272,26
10006,900,128,47
10007,900,82,5
10008,901,232,1
10009,901,77,1
10010,901,85,2
10011,901,112,3
10012,901,52,22
10013,901,147,10
10014,901,15,34
10015,901,169,41
10016,901,270,9
10017,901,188,42
10018,901,277,18
10019,901,162,5
10020,901,266,13
10021,901,146,32
10022,901,227,2
10023,901,90,25
10024,901,27,21
10025,901,3,14
10026,901,235,17
10027,901,63,5
10028,902,200,18
10029,902,145,31
10030,902,163,10
10031,902,178,16
10032,902,32,44
10033,902,138,2
10034,902,104,34
10035,902,206,27
10036,902,186,50
10037,902,51,8
10038,902,254,33
10039,902,137,17
10040,902,139,14
10041,902,3,13
10042,902,224,29
10043,902,117,2
10044,902,232,48
10045,902,13,42
10046,903,182,13
10047,903,188,21
10048,903,192,26
10049,903,63,46
10050,903,257,20
10051,903,144,33
10052,903,127,10
10053,903,234,18
10054,903,110,42
10055,903,87,18
10056,903,130,7
10057,903,235,46
10058,903,145,8
10059,903,46,19
10060,903,206,11
10061,904,50,23
10062,904,255,23
10063,904,26,38
10064,904,247,39
10065,904,88,29
10066,904,182,30
10067,905,222,33
10068,905,80,9
10069,905,240,16
10070,905,190,18
10071,905,50,46
10072,905,67,33
10073,905,214,8
10074,905,182,12
10075,905,149,3
10076,905,192,7
10077,905,157,20
10078,905,229,21
10079,905,135,22
10080,905,234,2
10081,905,151,44
10082,905,11,4
10083,905,258,49
10084,905,236,47
10085,905,114,14
10086,905,96,13
10087,906,42,41
10088,906,90,14
10089,906,96,33
10090,906,149,34
10091,906,128,49
10092,906,32,16
10093,906,26,7
10094,906,211,46
10095,906,60,2
10096,906,141,37
10097,906,182,18
10098,906,196,46
10099,906,215,13
10100,906,3,31
10101,906,58,46
10102,906,135,22
10103,907,148,3
10104,907,161,8
10105,908,82,40
10106,908,268,6
10107,908,35,27
10108,908,136,15
10109,908,188,42
10110,908,273,29
10111,908,66,36
10112,908,148,13
10113,908,138,4
10114,908,195,50
10115,908,161,42
10116,908,147,45
10117,908,62,13
10118,908,250,35
10119,908,39,2
10120,909,30,44
10121,909,243,50
10122,909,274,16
10123,909,142,45
10124,909,54,27
10125,909,203,44
10126,910,267,21
10127,910,113,1
10128,910,251,16
10129,910,222,4
10130,910,235,1
10131,910,26,47
10132,910,108,39
10133,910,30,3
10134,910,65,25
10135,910,243,4
10136,910,54,38
10137,910,173,6
10138,911,257,33
10139,911,99,8
10140,911,181,16
10141,911,274,42
10142,911,243,41
10143,911,232,4
10144,911,54,46
10145,911,150,40
10146,911,261,44
10147,911,30,29
10148,911,127,40
10149,912,60,9
10150,912,30,7
10151,912,261,10
10152,912,189,6
10153,912,187,12
10154,912,54,26
10155,912,1,33
10156,912,185,46
10157,912,65,33
10158,912,184,22
10159,912,159,40
10160,912,243,37
10161,912,252,27
10162,912,206,1
10163,912,249,20
10164,912,128,9
10165,912,94,32
10166,912,235,29
10167,912,280,4
10168,913,80,6
10169,913,185,30
10170,913,263,34
10171,913,161,26
10172,913,258,27
10173,914,58,22
10174,914,205,4
10175,914,253,13
10176,914,159,43
10177,914,149,45
10178,914,95,8
10179,914,90,41
10180,914,275,5
10181,914,185,15
10182,914,65,39
10183,914,174,17
10184,914,161,15
10185,914,258,47
10186,915,42,16
10187,915,245,19
10188,915,272,6
10189,915,99,3
10190,915,107,25
10191,915,185,46
10192,915,202,4
10193,915,129,38
10194,915,141,34
10195,915,161,42
10196,915,269,17
10197,915,193,29
10198,915,258,4
10199,915,102,11
10200,916,220,10
10201,916,11,14
10202,916,43,8
10203,916,185,25
10204,916,111,26
10205,916,121,8
10206,916,217,50
10207,916,10,7
10208,916,161,14
10209,916,209,36
10210,916,179,26
10211,916,258,29
10212,917,55,1
10213,917,28,26
10214,918,174,25
10215,918,136,38
10216,918,84,27
10217,918,180,27
10218,918,65,9
10219,918,28,37
10220,918,55,28
10221,918,232,8
10222,919,125,17
10223,919,184,35
10224,919,48,50
10225,919,111,46
10226,919,103,10
10227,919,73,7
10228,919,129,38
10229,919,110,43
10230,919,82,36
10231,920,79,35
10232,920,241,26
10233,920,48,22
10234,920,27,15
10235,920,88,39
10236,920,114,10
10237,920,197,20
10238,920,273,45
10239,920,103,5
10240,920,279,5
10241,920,65,18
10242,920,37,4
10243,920,169,48
10244,920,151,3
10245,920,2,12
10246,920,129,31
10247,920,161,36
10248,920,167,15
10249,921,129,6
10250,921,48,32
10251,922,192,21
10252,922,133,33
10253,922,152,12
10254,922,17,50
10255,922,204,37
10256,922,147,21
10257,922,226,34
10258,922,186,27
10259,922,274,26
10260,922,32,18
10261,922,104,18
10262,922,74,8
10263,923,226,34
10264,923,133,13
10265,924,188,38
10266,924,134,8
10267,924,119,50
10268,924,25,11
10269,924,258,37
10270,924,212,6
10271,925,133,6
10272,925,209,49
10273,925,232,38
10274,925,275,37
10275,925,18,23
10276,925,6,3
10277,925,91,17
10278,925,93,50
10279,925,25,40
10280,925,28,15
10281,925,122,46
10282,925,64,35
10283,926,254,9
10284,926,260,7
10285,926,110,30
10286,926,231,4
10287,926,227,48
10288,926,70,26
10289,926,183,44
10290,926,249,26
10291,926,108,15
10292,926,228,5
10293,926,93,28
10294,926,239,45
10295,926,176,30
10296,926,15,38
10297,927,98,30
10298,927,226,2
10299,927,32,7
10300,927,41,25
10301,927,70,20
10302,928,70,45
10303,928,11,41
10304,928,148,19
10305,928,21,7
10306,929,103,11
10307,929,195,32
10308,929,155,6
10309,929,187,4
10310,929,8,46
10311,929,120,47
10312,929,226,39
10313,929,110,20
10314,929,101,34
10315,929,112,46
10316,929,166,21
10317,929,27,25
10318,929,280,29
10319,929,205,9
10320,929,186,4
10321,930,74,25
10322,930,2,3
10323,930,130,32
10324,930,111,39
10325,930,191,3
10326,930,96,44
10327,930,29,2
10328,930,232,6
10329,930,142,36
10330,930,260,28
10331,930,178,13
10332,930,78,35
10333,930,166,49
10334,930,7,14
10335,930,238,9
10336,930,89,40
10337,930,173,28
10338,930,196,17
10339,930,82,31
10340,930,95,3
10341,931,118,7
10342,931,203,19
10343,931,237,31
10344,931,61,10
10345,931,272,12
10346,931,57,11
10347,931,249,33
10348,931,166,42
10349,932,250,2
10350,932,251,1
10351,932,222,1
10352,932,153,24
10353,932,87,41
10354,932,141,40
10355,932,8,19
10356,932,64,10
10357,932,266,24
10358,932,125,15
10359,932,90,20
10360,932,172,25
10361,932,232,7
10362,933,174,34
10363,933,209,44
10364,933,95,29
10365,933,187,35
10366,933,50,15
10367,933,144,9
10368,933,65,17
10369,933,275,35
10370,933,230,13
10371,933,54,14
10372,933,258,18
10373,933,127,42
10374,933,188,44
10375,933,87,16
10376,933,225,6
10377,933,27,46
10378,933,232,25
10379,934,249,15
10380,934,8,31
10381,934,87,20
10382,934,91,31
10383,934,232,18
10384,934,105,22
10385,934,15,16
10386,934,161,10
10387,935,228,26
10388,935,258,13
10389,935,263,34
10390,935,81,26
10391,935,213,18
10392,935,143,43
10393,935,9,35
10394,935,189,42
10395,935,130,37
10396,935,229,24
10397,935,135,1
10398,935,279,20
10399,935,76,14
10400,935,128,6
10401,935,118,38
10402,935,271,3
10403,935,214,49
10404,936,104,19
10405,936,211,31
10406,936,81,32
10407,936,8,17
10408,936,217,24
10409,936,75,5
10410,936,74,37
10411,936,76,18
10412,936,194,40
10413,937,14,38
10414,937,226,19
10415,937,234,22
10416,937,255,38
10417,937,78,45
10418,938,257,21
10419,938,27,10
10420,938,151,2
10421,938,16,43
10422,938,131,45
10423,938,234,42
10424,938,13,46
10425,938,188,4
10426,938,14,11
10427,938,106,45
10428,938,123,47
10429,938,103,48
10430,939,213,7
10431,939,89,12
10432,939,21,41
10433,939,14,43
10434,939,256,7
10435,939,234,7
10436,939,93,9
10437,939,91,47
10438,939,111,15
10439,940,14,31
10440,940,234,6
10441,941,186,19
10442,941,236,39
10443,941,27,45
10444,941,230,22
10445,941,76,50
10446,941,63,15
10447,941,9,22
10448,941,266,1
10449,941,211,33
10450,941,171,22
10451,941,270,3
10452,941,167,33
10453,941,43,29
10454,941,13,48
10455,941,72,3
10456,941,142,41
10457,941,83,37
10458,941,152,10
10459,941,135,26
10460,942,62,47
10461,942,268,30
10462,942,238,25
10463,942,85,30
10464,942,252,1
10465,942,81,14
10466,942,186,16
10467,942,216,16
10468,942,134,34
10469,942,15,29
10470,942,217,40
10471,942,215,50
10472,943,33,20
10473,943,244,12
10474,943,133,15
10475,943,16,37
10476,943,212,21
10477,943,36,34
10478,944,162,8
10479,944,115,46
10480,944,75,43
10481,944,228,14
10482,944,251,27
10483,944,87,32
10484,944,239,7
10485,944,277,6
10486,944,233,21
10487,944,187,41
10488,944,214,8
10489,944,216,18
10490,944,82,42
10491,944,234,2
10492,944,244,46
10493,944,41,1
10494,944,199,48
10495,945,144,50
10496,945,219,36
10497,945,235,5
10498,945,137,19
10499,945,29,7
10500,945,55,13
10501,945,111,14
10502,945,117,43
10503,945,215,43
10504,945,8,2
10505,945,166,31
10506,945,268,14
10507,945,47,48
10508,945,156,23
10509,945,244,3
10510,945,279,9
10511,945,200,17
10512,946,244,14
10513,946,18,33
10514,946,22,27
10515,946,160,29
10516,946,190,33
10517,947,155,26
10518,947,160,33
10519,947,144,21
10520,947,163,2
10521,947,24,10
10522,947,253,43
10523,947,218,6
10524,947,53,32
10525,947,254,26
10526,947,5,23
10527,947,80,4
10528,947,6,30
10529,948,21,30
10530,948,8,48
10531,948,160,27
10532,948,96,28
10533,948,19,20
10534,948,168,25
10535,948,227,14
10536,948,5,41
10537,948,30,47
10538,948,139,49
10539,948,48,49
10540,948,251,1
10541,948,247,26
10542,949,133,20
10543,949,91,44
10544,949,266,26
10545,949,28,9
10546,949,201,10
10547,949,193,26
10548,949,172,13
10549,949,16,8
10550,949,150,39
10551,949,119,46
10552,949,136,40
10553,949,168,45
10554,949,160,1
10555,949,18,26
10556,949,44,2
10557,949,108,11
10558,949,207,26
10559,949,170,21
10560,949,174,29
10561,949,199,18
10562,950,239,20
10563,950,91,15
10564,950,13,29
10565,950,210,41
10566,951,164,3
10567,951,274,24
10568,951,91,7
10569,952,269,29
10570,952,120,34
10571,952,169,19
10572,952,71,2
10573,952,220,50
10574,952,236,38
10575,952,22,48
10576,952,13,27
10577,952,211,42
10578,952,159,47
10579,952,125,12
10580,952,239,18
10581,952,238,5
10582,952,164,33
10583,952,81,30
10584,952,268,1
10585,953,173,13
10586,953,43,11
10587,953,58,23
10588,953,229,26
10589,953,217,46
10590,953,121,37
10591,953,19,17
10592,953,199,47
10593,953,22,39
10594,953,139,34
10595,953,266,28
10596,953,143,4
10597,953,164,33
10598,953,263,35
10599,953,223,8
10600,953,106,7
10601,953,29,22
10602,953,212,31
10603,954,75,28
10604,954,74,35
10605,954,132,43
10606,954,8,32
10607,954,222,37
10608,954,164,37
10609,955,164,1
10610,955,58,13
10611,955,207,42
10612,955,110,48
10613,955,4,17
10614,955,262,30
10615,956,22,36
10616,956,80,50
10617,956,50,33
10618,956,169,38
10619,956,102,13
10620,956,223,5
10621,956,237,49
10622,956,119,12
10623,956,161,5
10624,957,4,31
10625,957,269,44
10626,957,210,42
10627,957,223,30
10628,957,87,33
10629,957,82,48
10630,957,30,1
10631,957,102,35
10632,957,119,29
10633,957,71,31
10634,957,186,30
10635,957,124,42
10636,957,253,39
10637,957,179,23
10638,958,102,23
10639,958,119,36
10640,958,223,33
10641,958,4,31
10642,959,87,11
10643,959,196,18
10644,959,154,16
10645,959,269,15
10646,959,50,22
10647,960,102,4
10648,960,256,30
10649,960,181,6
10650,960,52,27
10651,960,154,34
10652,960,201,30
10653,960,87,39
10654,961,245,33
10655,961,154,3
10656,961,214,22
10657,961,189,5
10658,961,87,39
10659,961,135,18
10660,961,52,41
10661,961,64,16
10662,961,126,10
10663,961,205,20
10664,961,166,29
10665,961,276,2
10666,961,44,32
10667,961,237,28
10668,961,29,5
10669,961,54,39
10670,962,193,11
10671,962,250,2
10672,962,129,29
10673,962,187,49
10674,963,163,46
10675,963,129,32
10676,963,35,13
10677,963,26,48
10678,963,187,34
10679,963,27,17
10680,963,193,4
10681,963,145,24
10682,963,261,33
10683,963,114,3
10684,963,196,2
10685,963,186,14
10686,963,172,5
10687,964,159,23
10688,964,144,39
10689,964,181,36
10690,964,190,50
10691,964,168,24
10692,964,221,34
10693,964,43,33
10694,964,33,23
10695,964,147,37
10696,964,56,10
10697,964,187,42
10698,964,267,24
10699,964,51,7
10700,964,223,42
10701,964,117,26
10702,964,188,2
10703,964,129,38
10704,964,192,50
10705,964,193,45
10706,964,197,18
10707,965,129,43
10708,965,193,2
10709,966,183,47
10710,966,2,48
10711,966,7,24
10712,966,14,33
10713,966,16,30
10714,967,183,39
10715,967,7,48
10716,967,119,48
10717,967,16,6
10718,967,110,28
10719,968,16,1
10720,968,199,45
10721,968,227,11
10722,968,160,11
10723,968,15,44
10724,968,183,40
10725,968,7,46
10726,969,7,43
10727,969,192,28
10728,969,188,1
10729,969,141,35
10730,969,161,49
10731,969,131,24
10732,969,98,39
10733,970,192,27
10734,970,80,21
10735,970,278,36
10736,970,239,35
10737,970,143,18
10738,970,205,33
10739,970,10,21
10740,970,107,5
10741,970,98,18
10742,970,199,9
10743,970,25,6
10744,970,177,19
10745,970,182,27
10746,970,115,16
10747,970,96,5
10748,970,68,40
10749,970,162,49
10750,971,192,35
10751,971,98,28
10752,971,54,10
10753,972,87,3
10754,972,70,12
10755,972,112,30
10756,972,90,2
10757,972,131,48
10758,972,34,50
10759,972,263,42
10760,972,232,31
10761,972,64,41
10762,972,251,39
10763,972,72,41
10764,972,76,37
10765,972,190,42
10766,972,255,34
10767,973,76,39
10768,973,253,39
10769,973,263,7
10770,974,3,17
10771,974,144,11
10772,974,220,34
10773,974,10,12
10774,974,97,5
10775,974,274,31
10776,974,247,21
10777,974,238,30
10778,974,224,22
10779,974,166,40
10780,974,100,11
10781,974,5,6
10782,974,257,13
10783,974,95,19
10784,974,99,47
10785,974,262,21
10786,975,81,42
10787,975,194,1
10788,975,95,49
10789,975,21,12
10790,975,99,50
10791,975,257,28
10792,976,52,17
10793,976,99,6
10794,976,75,34
10795,976,257,35
10796,976,234,40
10797,976,95,23
10798,976,104,13
10799,976,181,6
10800,976,70,3
10801,976,5,21
10802,976,127,22
10803,977,217,40
10804,977,47,8
10805,977,213,21
10806,977,112,13
10807,977,265,5
10808,977,137,46
10809,977,14,9
10810,977,1,17
10811,977,116,40
10812,977,143,48
10813,977,242,34
10814,977,229,43
10815,977,119,46
10816,977,144,9
10817,977,277,26
10818,977,95,3
10819,977,85,11
10820,977,231,16
10821,978,278,6
10822,978,172,43
10823,978,70,36
10824,978,115,35
10825,978,216,34
10826,978,195,34
10827,978,116,15
10828,978,217,45
10829,978,280,29
10830,978,210,22
10831,978,272,18
10832,978,250,39
10833,978,119,17
10834,978,155,17
10835,978,124,39
10836,978,190,46
10837,978,21,4
10838,979,90,35
10839,979,269,28
10840,979,217,28
10841,979,92,34
10842,979,76,33
10843,979,275,2
10844,979,142,12
10845,979,206,36
10846,979,13,31
10847,979,180,40
10848,979,154,24
10849,979,75,27
10850,979,119,26
10851,979,9,17
10852,979,59,40
10853,980,191,5
10854,980,134,47
10855,980,97,18
10856,980,119,24
10857,980,273,1
10858,980,123,42
10859,980,229,16
10860,980,5,43
10861,980,164,47
10862,980,63,49
10863,980,157,12
10864,980,100,46
10865,980,173,48
10866,980,182,44
10867,980,211,2
10868,980,217,36
10869,980,44,1
10870,980,199,27
10871,981,68,21
10872,981,268,49
10873,981,20,16
10874,982,187,15
10875,982,161,44
10876,982,261,25
10877,982,268,34
10878,982,241,38
10879,982,6,46
10880,982,123,4
10881,982,19,30
10882,982,146,48
10883,982,74,25
10884,982,128,46
10885,982,247,25
10886,982,126,34
10887,982,45,47
10888,982,176,4
10889,982,200,21
10890,982,179,20
10891,982,209,43
10892,982,15,44
10893,983,141,7
10894,983,169,12
10895,983,114,2
10896,983,126,34
10897,983,62,11
10898,983,130,29
10899,983,171,13
10900,983,6,14
10901,983,66,7
10902,983,90,30
10903,983,75,43
10904,983,5,40
10905,983,226,35
10906,983,180,16
10907,983,229,34
10908,984,141,25
10909,984,22,32
10910,984,62,50
10911,984,218,16
10912,985,187,18
10913,985,147,31
10914,985,186,31
10915,985,111,24
10916,985,65,9
10917,985,154,37
10918,985,75,11
10919,985,179,2
10920,985,210,21
10921,985,142,22
10922,986,229,35
10923,986,76,40
10924,986,101,7
10925,986,176,38
10926,986,144,31
10927,986,16,16
10928,986,123,36
10929,986,88,16
10930,986,139,31
10931,986,75,12
10932,986,90,19
10933,986,271,10
10934,986,136,27
10935,986,245,2
10936,986,72,41
10937,986,263,27
10938,986,73,50
10939,986,208,31
10940,986,187,16
10941,987,232,22
10942,987,61,50
10943,987,218,48
10944,987,25,20
10945,987,198,24
10946,987,115,33
10947,987,278,36
10948,987,24,18
10949,987,152,29
10950,987,234,34
10951,988,268,47
10952,988,234,37
10953,988,197,10
10954,988,6,13
10955,988,57,11
10956,988,8,1
10957,988,79,47
10958,988,91,46
10959,988,267,33
10960,988,21,30
10961,988,25,44
10962,988,142,12
10963,988,213,8
10964,988,278,47
10965,988,233,48
10966,988,219,12
10967,988,60,37
10968,989,278,11
10969,989,61,17
10970,989,158,42
10971,989,142,2
10972,989,90,5
10973,989,84,16
10974,989,234,7
10975,989,25,50
10976,989,60,37
10977,989,214,45
10978,989,184,50
10979,989,53,7
10980,989,192,23
10981,989,266,45
10982,989,111,16
10983,990,101,45
10984,990,27,43
10985,990,234,45
10986,990,271,12
10987,990,33,44
10988,990,252,50
10989,990,226,33
10990,990,253,5
10991,990,199,1
10992,990,29,27
10993,990,178,17
10994,990,236,23
10995,990,37,33
10996,991,33,36
10997,991,199,6
10998,991,45,11
10999,991,229,30
11000,991,237,7
11001,992,199,20
11002,992,95,10
11003,992,203,39
11004,992,213,42
11005,992,33,9
11006,992,96,48
11007,993,186,13
11008,993,113,19
11009,993,199,44
11010,993,33,37
11011,993,161,17
11012,994,19,26
11013,994,230,31
11014,994,20,7
11015,994,5,27
11016,995,19,38
11017,995,230,48
11018,996,184,50
11019,996,178,24
11020,996,123,34
11021,996,262,42
11022,996,114,40
11023,996,165,27
11024,996,263,24
11025,996,63,7
11026,996,51,23
11027,996,177,21
11028,996,25,12
11029,996,264,25
11030,996,85,37
11031,996,230,5
11032,996,19,16
11033,996,105,48
11034,997,82,30
11035,997,259,19
11036,997,108,38
11037,997,19,45
11038,997,221,24
11039,997,100,20
11040,997,92,17
11041,997,230,19
11042,997,62,1
11043,998,189,44
11044,998,34,15
11045,998,9,32
11046,998,3,17
11047,998,106,39
11048,998,206,17
11049,998,11,14
11050,998,125,19
11051,998,17,29
11052,998,178,48
11053,998,149,4
11054,998,158,39
11055,998,195,19
11056,998,4,46
11057,998,250,2
11058,998,31,29
11059,998,200,13
11060,998,166,2
11061,999,245,48
11062,999,3,37
11063,999,59,27
11064,999,251,16
11065,999,192,9
11066,999,19,45
11067,999,119,35
11068,999,273,16
11069,999,129,24
11070,999,111,1
11071,999,263,36
11072,999,136,22
11073,999,68,2
11074,999,86,16
11075,999,17,45
11076,999,184,37
11077,999,278,36
11078,1000,17,25
11079,1000,3,37
